AccX,AccY,AccZ,GyroX,GyroY,GyroZ
-0.64,-0.64,0.33,-0.78,-8.8,-0.83
-0.63,-0.65,0.31,-4.52,4.02,-0.28
-0.62,-0.65,0.34,0.71,-1.8,-2.29
-0.62,-0.67,0.31,3.27,-6.52,-3.04
-0.6,-0.75,0.35,2.71,-7.26,3.59
-0.64,-0.65,0.33,0.13,-8.43,-2.22
-0.6,-0.68,0.35,-1.18,-10.42,-2.58
-0.62,-0.67,0.35,-0.64,-16.11,-7.08
-0.74,-0.63,0.41,8.03,-25.02,-11.47
-0.95,-0.48,0.56,2.22,-63.48,21.26
-0.91,-0.54,0.58,-30.11,-191.78,71.52
-0.81,-0.51,0.75,8.67,-96.6,77.45
-0.86,-0.54,1,19.06,-129.25,78.77
-0.7,-0.6,1.19,85.64,-167.56,84.58
-0.65,-0.54,1.28,140.65,-130.33,71.57
-0.42,-0.52,1.13,127.87,-176.11,59.01
-0.26,-0.42,0.97,126.22,-144.73,47.05
-0.1,-0.33,0.45,80.9,-162.54,22.64
-0.02,-0.14,0.58,71.59,-76.07,-10.08
-0.03,-0.02,0.46,11.48,-50.02,2.62
0.02,0.08,0.73,-17.65,21.37,8.77
0.1,0.05,0.9,-44.99,-1.64,12.15
0.11,0.03,1.15,-39.13,38.95,14.49
0.15,0.04,1.25,-28.78,-27.78,9.47
0.28,0.14,1.42,21.06,22.11,-12.52
-0.03,0.21,1.16,-14.46,32.01,-12.23
0.12,0.07,1.13,-24.94,9.62,-4.77
0.05,-0.08,1.25,18.67,0.34,-18.48
-0.05,-0.08,1.17,52.16,-29.14,-22.32
0.05,0.43,0.17,-74.97,239.94,-11.37
-0.07,-0.08,1.09,25.19,-68.12,11.26
-0.07,-0.02,1.1,23.26,-54.3,-2.77
0.04,0.07,1.01,12.14,-3.38,7.42
0.04,0.08,1.05,5.13,-9.9,-3.15
0.07,0.05,1.1,4.32,-12.8,5.53
0.05,0.06,1.09,0.91,-19.86,3.44
0.07,0.08,1.11,4.93,-7.05,6.57
0.09,0.09,1.08,8.96,-8.61,5.1
0.07,0.08,1.09,8.55,-7.09,6.68
0.08,0.11,1.09,7.61,-2.18,4.48
0.09,0.1,1.07,4.29,-1.65,6.5
0.08,0.1,1.07,0.16,-4.37,5.31
0.08,0.12,1.07,1.19,-5.12,2.47
0.09,0.12,1.08,-1.59,-3.04,5.13
0.08,0.11,1.1,-0.31,-10.19,0.58
0.09,0.12,1.09,3.86,-3.4,1.8
0.09,0.12,1.07,7.63,-3.51,-0.12
0.09,0.13,1.08,6.69,-3.16,-0.06
0.08,0.13,1.09,1.94,2.18,-0.49
0.09,0.13,1.08,-0.9,-6.63,-0.25
0.09,0.14,1.09,1.26,-0.92,1.43
0.09,0.14,1.07,-0.31,-7.37,-0.65
0.09,0.14,1.08,1.66,-1.86,1.31
0.08,0.14,1.07,1.72,-1.91,-0.72
0.08,0.15,1.08,7.45,20.24,6.55
0.05,0.16,1.05,-0.61,3.38,3.09
0.07,0.14,1.11,1.33,-3.69,-0.28
0.05,0.17,1.08,7.09,-0.94,3.04
0.06,0.16,1.08,3.1,-5.57,-0.84
0.07,0.16,1.08,-2.36,-4.58,1.17
-0.58,-0.74,0.21,7.4,-5.69,3.32
-0.58,-0.73,0.23,-0.29,-10,-1.43
-0.6,-0.73,0.24,0.68,-13.21,-1.06
-0.58,-0.73,0.25,7.29,-30.24,10.7
-0.6,-0.72,0.23,10.27,-12.08,15.37
-0.58,-0.73,0.27,3.2,-6.52,5.58
-0.59,-0.71,0.26,8.55,4.35,-1.33
-0.64,-0.7,0.24,22.03,1.72,5.23
-0.67,-0.65,0.34,22.2,12.29,-1.23
-0.7,-0.65,0.38,45.49,2.43,0.39
-0.79,-0.59,0.54,57.1,-93.25,-47.02
-0.74,-0.55,0.68,86.12,-102.05,36.39
-0.61,-0.66,0.89,42.48,-160.69,47.42
-0.56,-0.52,0.89,112.54,-53.61,76.61
-0.62,-0.46,1.05,78.58,-132.51,90.71
-0.52,-0.46,1.14,67.99,-150.83,82.41
-0.35,-0.44,1.18,77.98,-128.57,54.9
-0.3,-0.36,1.12,88.19,-160.59,15.64
-0.28,-0.23,0.88,85.06,-178.06,38.02
-0.02,-0.24,1.1,37.18,-111.9,3.76
0.1,-0.23,0.87,22.42,-109.5,10.94
0.03,-0.04,0.54,52.06,-47.73,-15.87
0.08,0.01,0.58,9.8,-34.67,4.1
0.19,0.06,0.75,-26.91,-16.42,-7.1
0.21,0.05,0.89,-12.08,22.76,13.68
0.34,0.05,1.06,-29.6,43.69,10.87
0.33,0,1.16,-36.89,22.66,16.66
0.35,0.01,0.88,0.68,46.04,35.44
0.26,0.2,1.32,13.23,-17.72,-26.93
0.27,0,1.23,-14.71,30.69,-5.89
0.05,-0.05,1.31,45.88,77.83,-7.91
-0.08,0.02,1.21,24.47,-7.64,-5.38
-0.14,0.05,1.07,20.64,-36.79,-9.23
0,0.23,-0.14,22.38,130.12,11.03
0.1,-0.04,1.06,-8.42,-29.3,10.97
-0.1,0.06,1.04,-2.8,-35.5,-5.42
0.01,0.08,1.06,-9.17,-12.81,3.64
0,0.08,1.08,-6,-19.34,-3.6
0,0.11,1.08,-2.73,-19.95,-2.66
0.04,0.08,1.08,-3.5,-26.23,0.31
0.05,0.06,1.12,-2.52,-15.85,-0.54
0.06,0.07,1.09,8.48,-10.07,2.77
0.08,0.07,1.08,-3.35,-10.11,3.03
0.08,0.1,1.08,-2.78,-12.11,3.29
0.11,0.08,1.09,-10.89,-20.34,-0.48
0.11,0.07,1.08,-6.17,-11.76,1.91
0.13,0.06,1.11,-8.1,-12.6,3.85
0.12,0.06,1.08,-6.51,-16.18,-0.77
0.15,0.05,1.12,-4.67,-18.27,-2.38
0.14,0.06,1.09,-1.33,-10.4,-3.22
0.15,0.05,1.08,-3.01,-8.24,-0.61
0.16,0.04,1.06,-4.46,-7.71,0.81
0.17,0.03,1.07,-1.74,-6.87,-1.84
0.16,0.04,1.09,-5.49,-4.39,-2.17
0.17,0.04,1.08,-0.71,-3.22,1.03
0.16,0.03,1.09,-1.47,-3.3,-0.35
0.16,0.04,1.08,-0.23,-2.85,0.77
0.16,0.05,1.1,-1.64,-4.61,0.56
0.17,0.03,1.09,-1.44,-3.91,0.64
0.14,0.04,1.07,-0.78,-4.2,-0.24
-0.69,-0.57,0.28,5.25,-14.7,-9.47
-0.69,-0.58,0.31,2.96,-23.21,-1.65
-0.71,-0.58,0.31,-7.98,-18.4,2.22
-0.68,-0.59,0.32,-9.55,-17.9,3.73
-0.67,-0.61,0.31,-5.07,-13.96,5.52
-0.66,-0.62,0.32,5.76,0.61,1.77
-0.67,-0.59,0.36,13.14,10.16,3
-0.68,-0.55,0.36,-17.27,-27.78,4.1
-0.88,-0.42,0.44,-0.34,-17.84,-1.54
-1,-0.33,0.52,-32.52,-74.33,55.61
-1.02,-0.37,0.44,-47.49,-131.27,101.84
-0.96,-0.33,0.73,-42.89,-133.03,118.04
-0.9,-0.37,0.87,-2.84,-144.99,123.06
-0.87,-0.38,1.03,16.1,-152.63,108.23
-0.81,-0.37,1.36,-22.06,-202.62,116.65
-0.62,-0.42,1.47,74.67,-252.14,86.9
-0.28,-0.56,0.92,-12.19,-252.14,41.97
-0.22,-0.19,0.4,117.81,-42.37,-43.98
-0.13,-0.02,0.34,33.3,-94.6,-15.86
-0.08,0.08,0.51,25.71,-5.4,-11.74
0.05,0.04,0.76,13.54,29.01,7.64
0.02,0.11,0.96,-5.65,25.45,3.54
0.07,0.08,1.03,-19.44,9.48,4.06
0.11,0.05,1.13,-18.77,-10.72,-6.43
0.19,0.04,1.13,-12.76,-41.83,-12.49
0.16,0.12,1.08,-4.97,-0.63,-23.97
0.23,0.06,1.19,-7.44,-5.27,-17.87
0.27,0.09,1.41,-12.59,7.89,4.32
0.15,-0.01,1.45,44.86,11.46,-14.19
0.07,0.02,1.26,54.73,-42.15,-30.42
0.72,-0.46,-0.31,-26.52,206.83,9.69
0.09,-0.01,0.89,25.42,-50.19,-8.76
0.02,0.12,1.01,-14.21,-1,7.13
0.07,0.16,1.02,-9.81,-2.5,1.39
0.09,0.16,1.08,-13.91,-15.84,-6.74
0.08,0.15,1.11,-14.84,-15.12,0.04
0.07,0.13,1.12,-6.33,-9.68,0.31
0.08,0.13,1.09,-3.15,-5.5,-2.13
0.09,0.12,1.1,-1.54,-10.05,-0.53
0.1,0.12,1.07,3.73,-2.26,0.79
0.1,0.13,1.06,-0.45,-3.6,0.34
0.11,0.12,1.06,2.1,-7.22,3.11
0.12,0.12,1.07,-1.74,-6.5,0.87
0.12,0.12,1.1,-3.29,-8.85,0.65
0.12,0.13,1.09,0.22,-2.34,0.49
0.12,0.12,1.08,-3.03,-7.48,0.07
0.1,0.12,1.08,-0.08,2.4,-0.63
0.13,0.13,1.07,-2.75,-7.03,-2.04
0.12,0.12,1.08,-4.13,-0.92,-1.91
0.11,0.13,1.08,-1.14,-5.83,-1.71
0.12,0.12,1.09,1.61,-3.18,-1.67
0.1,0.13,1.08,-0.16,-7.33,-1.74
0.12,0.13,1.08,2.71,-3.05,-1.75
0.11,0.14,1.09,3.12,0.89,-1.62
0.11,0.14,1.09,-2.72,-4.41,-1.51
0.11,0.13,1.08,-3.57,-4.77,-1.77
0.1,0.14,1.06,-3.44,-3.45,-0.03
0.11,0.12,1.08,-6.82,-3.82,-0.72
0.11,0.12,1.1,-5.39,-6.41,-2.53
0.11,0.12,1.1,-1.71,-2.79,-2.75
-0.5,-0.79,0.23,4.38,-13.96,8.76
-0.51,-0.79,0.26,-3.42,-4.31,8.54
-0.51,-0.79,0.3,-8.64,-6.34,7.07
-0.51,-0.77,0.29,-5.22,-3.23,8.77
-0.51,-0.79,0.3,-8.2,-2.56,3.36
-0.5,-0.8,0.28,-9.03,-4.53,5.64
-0.55,-0.74,0.26,-23.71,-10.93,-6.18
-0.48,-0.81,0.28,-40.29,-21.89,-9.52
-0.52,-0.78,0.29,-16.94,-2.08,-15.4
-0.59,-0.78,0.36,-16.97,-23.23,-2.5
-0.77,-0.74,0.4,23.97,-33.85,24.46
-0.84,-0.73,0.46,5.38,-116.1,43.7
-0.86,-0.76,0.61,41.16,-116.5,81.33
-0.96,-0.77,0.8,42.49,-159.52,104.48
-0.88,-0.77,0.91,84.33,-134.03,105.69
-0.76,-0.84,1.07,73.57,-189.92,108.59
-0.57,-0.76,0.99,98.59,-252.14,100.26
-0.23,-0.59,0.38,103.41,-179.96,65.6
0,-0.49,0.4,73.54,-135.89,89.1
-0.14,-0.16,0.39,39.5,-70.85,23.62
0.01,-0.05,0.64,23.06,-73.63,14.46
0.06,-0.04,0.8,3.3,11.24,18.56
0.05,-0.01,0.92,-18.56,-4.95,13.1
0.08,-0.03,1.02,-33.02,-12.6,5.41
0.16,-0.11,1.12,-33.42,10.1,25.21
0.14,-0.12,1.35,-12.82,10.38,38.61
0.25,-0.21,1.23,3.09,4.02,56.32
0.01,-0.23,1.58,6.81,2.05,8.87
-0.02,-0.04,1.1,16.08,-22.61,-25.92
-0.04,0.08,1.08,72.43,6,-3.47
0.2,0.26,0.77,68.6,25.47,-1.87
-0.04,0.15,1.06,26.36,17.15,50.59
-0.05,0.07,0.95,-20.24,-36.88,-9.78
-0.01,0.1,1.03,-1.4,-6.84,-0.71
0,0.11,1.06,-12.5,-9.79,-9.97
-0.01,0.1,1.08,-9.05,-13.18,-6.02
-0.01,0.09,1.11,7.22,3.18,-4.19
-0.01,0.11,1.1,-2.31,-8.46,-2.12
0,0.1,1.09,2.33,-0.15,-2.27
0.02,0.09,1.07,4.39,-9.49,-1.08
0,0.1,1.08,4.76,-0.47,3.55
0.02,0.1,1.06,-1.04,-6.36,-1.42
0,0.1,1.08,-1.84,-3.69,-2.29
0,0.11,1.09,-1.86,-6.22,-2.42
0,0.1,1.07,-0.37,-4.21,-0.1
0.02,0.09,1.1,-1.44,-0.76,1.8
0.01,0.11,1.08,4.15,7.41,4.87
0,0.1,1.06,-0.9,-2.96,-1.22
0,0.1,1.08,0.31,-0.98,-1.94
-0.01,0.11,1.09,-4.93,-2.73,-1.89
-0.02,0.1,1.08,1.35,-0.11,-0.4
-0.02,0.1,1.08,2.58,1.46,-0.34
-0.02,0.11,1.08,0.35,-3.63,0.03
-0.02,0.11,1.09,0.48,1.94,-0.02
-0.01,0.11,1.08,0.14,-3.73,-0.91
-0.02,0.11,1.08,1,0.36,0.39
-0.04,0.12,1.08,-0.48,-2.34,0.35
-0.03,0.11,1.08,-0.81,-2.02,-0.11
-0.04,0.12,1.06,-1.52,-5.69,-0.58
-0.03,0.12,1.07,4.02,-3.25,0.52
-0.57,-0.75,0.12,3.9,0.3,-10.68
-0.61,-0.72,0.11,0.17,3.63,-12.32
-0.64,-0.74,0.09,-2.03,4.63,-9.47
-0.61,-0.73,0.12,6.51,1.47,-9.55
-0.63,-0.71,0.1,3.91,-3.24,-5.49
-0.65,-0.72,0.13,3.48,-7.5,0.44
-0.7,-0.72,0.16,-4.69,-26.82,8.07
-0.76,-0.67,0.2,-10.26,-54.63,28.21
-0.8,-0.62,0.21,-20.2,-126.55,69.06
-0.79,-0.57,0.45,-28.95,-125.71,79.04
-0.99,-0.52,0.65,26.4,-93.07,95.79
-1.12,-0.55,0.75,23.2,-171.47,110.52
-1.02,-0.55,0.86,48.14,-159.44,124.29
-0.98,-0.6,1.01,55.22,-178.95,119.92
-0.55,-0.49,0.76,80.19,-246.11,89.17
-0.35,-0.32,0.46,34.51,-211.31,58.07
-0.3,-0.23,0.42,19.12,-164.15,15.52
-0.09,-0.12,0.59,26.22,-102.31,5.5
-0.03,-0.01,0.7,0.25,-40.99,9.45
0,-0.01,0.93,-3.91,-18.27,8.71
0.08,-0.01,1.01,5.32,-6.42,4.51
0.12,-0.02,1.13,-10.33,17.33,5.06
0.14,-0.07,1.27,-24.71,-20.67,3.43
0.07,-0.06,1.44,29.98,44.87,-24.16
0.11,0.01,1.21,42.79,-2.69,-19
0.01,0.05,0.97,61.06,-5.25,-30.1
-0.15,0.06,1.1,39.46,4.09,-12.86
-0.13,0.06,1.05,2.73,-65.43,-19.19
-0.07,0.09,1.07,7.92,-54.39,-6.51
-0.1,0.18,0.92,-35.73,56.95,34.77
0.03,0.04,0.97,4.12,-40.47,0.06
0.15,0.11,1.07,-15.34,-5.43,7.9
0.06,0.13,1.06,-2.38,-8.33,2.3
0.1,0.09,1.09,-0.03,-11.02,-2.29
0.12,0.08,1.11,-0.23,-2.82,-0.47
0.09,0.08,1.09,0.29,-5.69,2.98
0.12,0.08,1.07,-1.24,-13.63,-0.53
0.11,0.1,1.05,18.29,-1.08,-1.16
0.12,0.1,1.08,8.51,4.53,3.65
0.11,0.11,1.07,9.05,7.05,3.88
0.12,0.11,1.08,-3.26,-4.85,1.41
0.09,0.13,1.08,-5.04,-5.98,1.29
0.1,0.11,1.09,-3,-4.8,-0.23
0.1,0.11,1.08,-5.1,-8.42,-0.95
0.1,0.12,1.07,-2.04,-3.86,-2.37
0.1,0.11,1.09,-7.24,-8.76,-2.92
0.1,0.1,1.08,-5.05,-7.21,-0.74
0.1,0.11,1.08,-2.03,-5.57,-1.68
0.11,0.1,1.09,0.46,-4.86,-0.98
0.09,0.1,1.09,8.23,0.76,-1.75
0.1,0.11,1.08,0.19,-2.18,1.2
0.11,0.11,1.08,-0.63,-3.98,0.3
0.1,0.12,1.07,-1.47,-3.43,0.22
0.1,0.12,1.08,-1.61,-4.08,0.06
0.12,0.12,1.08,0.96,-0.95,-1.16
0.09,0.12,1.08,6.69,3.6,-3.23
0.08,0.13,1.08,2.61,0.01,-2
0.08,0.12,1.09,0.77,-4.45,-0.41
0.08,0.13,1.08,2.97,-3.17,1.2
0.09,0.14,1.07,-1.51,-7.4,0.12
-0.53,-0.77,0.23,6.41,-2.39,0.45
-0.53,-0.76,0.24,4.06,0.95,-1.77
-0.54,-0.76,0.27,-1.06,-2.95,-0.05
-0.55,-0.77,0.26,3.96,1.04,0.61
-0.53,-0.78,0.25,1.61,-4.97,1.18
-0.54,-0.78,0.23,9.93,-2.9,-7.26
-0.54,-0.79,0.27,7.12,-2.62,-1.4
-0.66,-0.64,0.39,14,-17.66,22.48
-0.79,-0.61,0.74,4.64,-106.9,37.93
-1.2,-0.71,1.14,14.6,-252.14,118.01
-1.07,-0.69,1.2,125.06,-112.58,136.77
-0.87,-0.78,0.94,107.92,-252.14,144.61
-0.5,-0.65,0.86,151.79,-198.63,91.09
-0.39,-0.48,0.64,120.81,-200.64,101.77
-0.33,-0.24,0.47,73.33,-147.6,41.1
-0.12,-0.19,0.4,21.13,-105.31,0
0.01,-0.02,0.72,-0.34,-66.53,10.56
0.21,-0.06,0.84,-21.97,-37.08,17.89
0.2,-0.01,0.99,-4.59,-18.37,23.55
0.19,0,1.04,-16.5,3.96,18.92
0.22,-0.03,1.02,-4.39,26.97,25.98
0.28,-0.02,1.21,31.31,61.86,68.65
0.2,-0.18,1.57,-38.64,5.15,9.94
0.1,-0.04,1.35,26.6,16.02,-16.71
0.04,-0.11,1.17,59.74,-20.89,-19.71
-0.13,0.09,0.96,61.93,-56.66,-20.26
-0.39,0.38,0.57,26.28,153.03,68.1
-0.04,0.1,0.88,6.74,-56.86,-11.17
0.08,0.1,1.05,7.49,-9.92,7.33
0.06,0.14,1.07,-13.62,-5.65,0.77
0.06,0.13,1.11,-6.51,-15.91,-3.15
0.07,0.16,1.08,-3.55,-18.45,-1.2
0.1,0.14,1.09,-4.49,-20.37,-3.23
0.09,0.14,1.11,-3.16,-12.19,0.69
0.11,0.13,1.08,1.01,-8.93,0.19
0.11,0.13,1.08,0.98,-10.6,2.03
0.1,0.15,1.06,5.2,-2.2,4.16
0.13,0.14,1.1,6.17,-2.93,0.35
0.12,0.16,1.08,0.12,-5.41,2.95
0.13,0.15,1.08,-1.09,-2.11,-0.59
0.08,0.16,1.07,-4.77,3.05,2.52
0.1,0.15,1.09,-14.08,-9.62,4.42
0.14,0.12,1.11,2.25,-0.24,-0.29
0.12,0.13,1.07,-0.68,-2.74,-1.89
0.12,0.14,1.1,0.5,1.58,-0.21
0.09,0.15,1.07,1.58,-5.18,1.26
0.11,0.15,1.1,2.95,-0.05,1.2
0.11,0.14,1.09,0.03,-1.35,4.35
0.1,0.14,1.09,-1.91,-2.69,-0.99
0.09,0.15,1.08,0.14,-3.02,-4
0.1,0.19,1.04,-0.27,-1.76,-13.36
0.12,0.13,1.16,-1.01,-3.79,-5.49
0.1,0.18,1.09,-7.13,-8.94,-14.42
0.11,0.13,1.08,-7.27,-19.23,-8.75
0.13,0.15,1.09,0.71,-22.24,-15.74
0.13,0.21,0.95,14.82,-28.77,-17.71
0.15,0.11,1.11,12.38,-4.46,-6.42
0.13,0.19,1.08,3.65,6.63,-3.74
0.13,0.16,1.12,-4.17,11.5,-4.74
0.13,0.13,1.01,-5.56,27.15,-5.59
-0.5,-0.85,0.28,-6.72,-16.74,-2.82
-0.49,-0.81,0.27,-6.59,-8.5,2.76
-0.51,-0.8,0.28,-8.9,-5.94,8.15
-0.47,-0.83,0.27,-12.39,-23.15,1.1
-0.48,-0.81,0.26,-6.94,-11.24,0.06
-0.51,-0.81,0.26,-8.43,-8.29,-0.84
-0.53,-0.79,0.26,-6.28,-4.82,-0.35
-0.59,-0.8,0.26,-10.49,-4.2,4.39
-0.71,-0.74,0.3,-3.43,-7.55,24.68
-0.86,-0.73,0.35,-14.37,-77.4,69.76
-1.14,-0.71,0.53,-3.69,-107.4,111.19
-1.22,-0.8,0.83,23.86,-144.91,171.38
-1.42,-0.88,1.17,66.31,-162.08,198.28
-0.8,-0.82,1.07,191.7,-191.44,218.33
-0.39,-0.55,0.24,149.34,-251.34,176.89
-0.22,-0.26,0.12,82.3,-160.22,110.49
-0.16,-0.06,0.29,-15.39,-166.98,58.14
-0.09,0.04,0.52,-16.88,-58.69,45.68
-0.02,0.1,0.88,-15.88,-22.63,25.42
-0.02,0.14,1.01,-17.67,3.85,2.93
-0.09,0.16,1.07,-24.53,-9.74,-3.68
-0.07,0.17,1.14,0.25,7.96,4.7
0.06,0.17,1.18,-0.99,-9.54,-2.69
0.07,0.18,1.28,-13.61,-25.76,-6.81
-0.02,0.19,1.43,10.54,-8.16,-20.71
0.02,0.1,1.43,15.12,-62.97,-3.45
-0.08,0.15,1.04,54.09,-69.85,13.74
-0.03,0.14,0.72,46.13,-27.61,11.45
0.07,0.2,1.02,-24,10.45,9.9
0.02,0.14,0.9,10.73,-46.77,21.16
0.12,0.28,1.05,-24.64,0.43,9.21
0.12,0.22,1.08,-15.49,1.07,-1.2
0.12,0.18,1.1,-7.93,-1.37,-2.84
0.06,0.21,1.07,2.77,-5.98,0.13
0.08,0.18,1.1,-5.89,-7.21,-1.24
0.08,0.2,1.05,1.58,-2.4,0.79
0.11,0.18,1.08,0.82,-7.34,0.61
0.1,0.21,1.05,3.35,-7.2,0.04
0.13,0.18,1.08,1.56,-5.57,-0.5
0.11,0.19,1.06,-3.19,-9.2,-0.94
0.11,0.18,1.07,0.96,-3.26,-1.37
0.11,0.2,1.08,0.48,-1.41,-1.16
0.11,0.2,1.07,-1.71,-8.79,-3.49
0.11,0.19,1.08,-1.97,-5.55,-2.36
0.09,0.19,1.06,-4.11,-4.13,-2.32
0.09,0.18,1.06,-1.17,0.39,-1.13
0.09,0.19,1.07,3.35,7.47,3.02
0.1,0.19,1.07,-1.73,1.38,0.02
0.08,0.21,1.08,0.71,0.08,1.19
0.09,0.2,1.09,1.26,-1.24,-0.67
0.06,0.2,1.06,1.33,3.69,0.29
0.08,0.17,1.12,3.73,18.72,2.75
0.07,0.2,1.06,-10.76,-5.89,-1.22
0.06,0.19,1.07,-2,3.03,-1.6
0.05,0.19,1.09,-6.52,-1.63,-3.81
0.04,0.19,1.08,0.29,-2.8,-1.33
0.03,0.2,1.08,-2.34,-6.56,-2.14
0.06,0.19,1.05,2.18,-5.34,1.16
0.01,0.22,1.06,12.25,1.76,-3.16
0.04,0.21,1.06,0.9,-18.26,0.18
-0.58,-0.77,0.08,-9.5,-13.34,-2.09
-0.59,-0.76,0.09,-11.51,-23.32,1.1
-0.59,-0.77,0.09,-9.41,-20.83,2.66
-0.53,-0.79,0.08,-5.13,-17.69,5.69
-0.55,-0.79,0.11,2.57,-5.37,0.68
-0.55,-0.78,0.12,5.25,-5.49,1.92
-0.61,-0.76,0.16,-1.55,-19.61,7.22
-0.73,-0.73,0.2,-1.79,-36.31,19.71
-0.78,-0.7,0.22,-7.2,-71.92,43.45
-0.75,-0.69,0.27,9.52,-49.34,60.68
-0.72,-0.65,0.29,42.28,2.56,74.48
-0.91,-0.57,0.32,39.03,-29.53,90.64
-0.87,-0.41,0.47,30.03,-94.08,83.32
-0.83,-0.44,0.63,42.34,-96.1,101.71
-0.94,-0.39,0.58,-4.77,-119.26,110.32
-0.84,-0.34,0.74,16.19,-125.24,94.03
-0.7,-0.31,0.8,-5.37,-197.37,76.3
-0.62,-0.24,0.85,-2.03,-191.03,71.63
-0.45,-0.2,0.96,27.69,-151.84,44.7
-0.37,-0.17,0.94,38.66,-152.23,31.21
-0.28,-0.12,1,21.21,-163.11,26.32
-0.14,-0.02,0.78,51.47,-85.87,14.29
-0.04,0.02,0.62,47.41,-44.95,5.28
0,0.06,0.75,15.97,-9.2,-0.38
0.02,0.1,0.81,8.31,1.85,5.28
0.04,0.11,0.95,-5.35,12.31,4.94
0.04,0.11,1.07,-22.9,-19.4,2.06
0.06,0.11,1.11,-11.91,7.91,6.76
0.08,0.12,1.19,-13.11,6.55,2.87
0.06,0.12,1.24,-1.26,-14.91,11.09
0.13,0.09,1.19,-12.42,-53.09,-4.16
0.12,0.12,1.15,1.82,-13.47,6.77
0.14,0.1,1.1,22.37,55.47,-5.64
-0.1,-0.05,1.19,21.53,6.02,6.45
0.02,0.11,0.97,16.53,-5.49,-14.77
-0.03,0.1,1.02,0.83,-20.99,8.9
-0.01,0.09,1.05,26.6,-57.05,-35.31
-0.08,0.22,1.08,-22.98,8.97,24.51
-0.03,0.08,1.05,-20.71,-37.33,-8.05
0.02,0.12,1.09,-7.55,-8.64,1.47
0.02,0.14,1.07,0.37,-5.63,3.18
0.06,0.14,1.06,-6.63,-18.97,-0.45
0.04,0.14,1.1,1.81,-11.58,0.3
0.06,0.13,1.1,-5.72,-13.79,-1.77
0.05,0.12,1.07,10.28,-2.98,-0.53
0.07,0.14,1.1,4,2.63,-0.68
0.09,0.12,1.07,3.66,-2.08,-0.58
0.06,0.15,1.07,2.07,3.36,1.42
0.06,0.14,1.09,-2.78,-6.44,-1.82
0.06,0.15,1.08,0.68,-2.57,1.61
0.06,0.14,1.06,-3.49,-10.07,-1.22
0.07,0.14,1.06,-2.66,-5.32,0.86
0.07,0.14,1.08,-3.04,-11.89,-2.16
0.09,0.13,1.08,-1.21,-9.56,0.66
0.08,0.13,1.08,-1.36,-5.13,-0.63
0.07,0.14,1.09,1.09,0.1,-1.16
0.07,0.14,1.08,0.8,-2.71,-1.46
0.07,0.15,1.09,1.02,-0.74,0.94
0.06,0.14,1.07,-3.12,-7.73,-0.95
0.08,0.14,1.08,2.8,0.73,1.34
-0.52,-0.8,0.15,4.03,-0.2,5.1
-0.54,-0.8,0.18,-3.21,-13.15,9.64
-0.5,-0.81,0.13,-3.82,-19.82,6.3
-0.51,-0.8,0.16,-9.29,-30.11,6.57
-0.52,-0.81,0.18,-5.86,-12.68,4.69
-0.51,-0.8,0.19,-0.42,-5.23,0.82
-0.51,-0.8,0.16,2.31,-4.1,0.03
-0.64,-0.77,0.2,0.16,-13.66,11.72
-0.85,-0.68,0.29,-10.52,-71.54,66.83
-0.76,-0.7,0.4,-32.49,-130.47,93.39
-0.95,-0.63,0.57,-11.17,-169.09,88.6
-0.83,-0.63,0.69,30.07,-178.75,108.11
-0.85,-0.58,0.85,89.17,-155.18,122.79
-0.82,-0.53,0.91,71.82,-199.32,125.85
-0.61,-0.5,1.17,71.87,-198.4,90.88
-0.38,-0.45,1.02,81.08,-210.3,60.94
-0.21,-0.32,0.91,56.38,-160.9,28.59
-0.21,-0.22,0.57,36.48,-165.63,-7.12
0,-0.07,0.61,55.75,-78.25,-10.58
0.1,0.06,0.57,2.96,-44.47,15.74
0.02,0.01,0.87,31.87,24.98,2.13
0.13,0.05,0.94,4.39,15.09,0.94
0.1,0.06,1.09,-21.23,-5.58,-11.15
0.23,0.04,1.2,-19.42,5.19,-8.32
0.17,0.03,1.19,-8.56,-38.2,-9.14
0.21,0.08,1.07,9.55,11.98,-2.3
0.31,0.04,1.02,23.94,-15.68,20.99
0.07,0.07,1.22,20.91,50.6,10.58
0.01,0.15,1.29,-13.49,-59.83,-10.85
0.08,0.12,0.99,-27.61,1.31,-0.2
0.04,0.14,0.98,-33.1,-58.37,-4.13
0.14,0.09,0.92,3,-34.19,-9.94
0.07,0.16,0.84,45.91,141.28,10.27
0.16,0.11,1.04,-7.52,32.04,-0.58
0.07,0.09,1.03,-3.07,3.63,-3.72
0.08,0.1,1.07,-4,5.5,0.75
0.07,0.1,1.07,-4.79,-7.29,-2.39
0.09,0.07,1.09,6.77,-2.05,10.39
0.09,0.12,1.08,7.87,0.03,4.39
0.08,0.1,1.09,5.66,-4.96,8.35
0.09,0.14,1.08,9.16,-0.34,3.77
0.11,0.08,1.11,2.05,-5.94,3.62
0.08,0.13,1.08,3.36,-10.56,-2.65
0.11,0.12,1.09,2.7,-0.27,0.52
0.1,0.13,1.08,2.38,-4.13,-4.44
0.1,0.15,1.08,-7.86,-0.21,-6.01
0.08,0.13,1.09,0.96,7.21,-3.47
0.08,0.13,1.08,1.66,-0.48,-5.05
0.06,0.14,1.08,6.86,6.66,-2.22
0.06,0.15,1.09,1.32,1.9,-2.22
0.05,0.14,1.07,0.23,-0.2,-0.35
0.06,0.15,1.08,-4.68,-6.4,-1.26
0.05,0.14,1.07,1.16,1.19,1.35
0.05,0.14,1.07,3.16,2.27,-1.77
0.04,0.15,1.07,1.78,2.43,0.26
0.05,0.15,1.1,-4.05,-4.51,0.24
0.04,0.15,1.07,-1.77,-3.03,-0.05
0.03,0.16,1.07,0.54,-2.75,0.16
0.04,0.14,1.09,1.15,-3.15,1.52
0.03,0.16,1.06,-0.95,-8.71,1.84
-0.69,-0.63,0.07,-15.65,25.7,7.97
-0.71,-0.68,0.2,0.96,7.18,-12.68
-0.67,-0.7,0.09,0,-38.11,-15.81
-0.63,-0.71,0.07,2.66,-54.37,-12.2
-0.61,-0.65,0.09,7.96,-32.47,-8.85
-0.7,-0.66,0.23,-12.22,-24.5,-7.95
-0.78,-0.63,0.27,13.03,-5.84,14.34
-0.96,-0.59,0.39,16.25,-85.09,30.55
-0.99,-0.62,0.54,13.45,-117.8,51.55
-1.16,-0.57,0.68,55.43,-61.55,88.76
-1.3,-0.69,1.04,25.18,-230.05,161.62
-0.87,-0.69,0.95,112.56,-252.14,146.52
-0.46,-0.48,0.65,166.06,-198.57,123.71
-0.28,-0.4,0.52,101.39,-192.47,118.04
-0.15,-0.26,0.47,58.46,-86.78,51.1
-0.04,-0.03,0.57,35.45,-74.37,29.87
-0.05,0.08,0.69,17.83,-11.15,17.9
-0.06,0.11,0.91,-22.74,-33.76,15.8
-0.07,0.17,1.03,-26.46,-8.63,9.97
-0.02,0.14,1.13,-36.7,-32.64,16.42
0,0.14,1.17,-15.17,-13.87,8.46
0.05,0.11,1.2,-23.94,-45.37,11.58
0.08,0.14,1.24,-3.89,-13.78,3.05
0.15,0.09,1.24,-6.5,-37.91,-2.89
0.06,0.1,1.16,21.35,-15.76,2.71
0.11,0.03,1.15,46.13,-24.21,-5.84
0.1,0.1,0.96,60.14,-17.4,-24.46
-0.16,0.25,0.89,30.51,84.81,18.06
0.04,0.19,0.66,-38.28,53.52,20.25
0.07,0.14,0.96,1.38,-23.98,-3.8
0.07,0.17,1.09,-12.67,-2.82,5.16
0,0.2,1.04,-10.98,-1.99,3.64
0.05,0.16,1.06,-7.87,-22.84,-1.52
0.03,0.17,1.11,0.83,-0.73,-0.05
0.05,0.15,1.06,-4.61,-13.32,-0.97
0.05,0.16,1.07,-5.04,-7.51,0.51
0.06,0.16,1.07,2.31,-7.09,-2.13
0.06,0.16,1.1,-3.58,-8.07,-1.81
0.07,0.16,1.07,3.8,-3.5,-1.61
0.07,0.15,1.07,-3.13,-9.49,0.08
0.06,0.16,1.08,2.35,-1.94,-0.48
0.08,0.16,1.05,-4.36,-12.98,-0.09
0.08,0.16,1.09,0.74,-2.64,-0.36
0.09,0.16,1.09,1.15,-2.8,-1.56
0.07,0.17,1.09,4.29,-1.28,-1.88
0.08,0.16,1.07,1.19,-8.26,-1.87
0.08,0.18,1.05,2.51,-5.23,0.48
0.09,0.17,1.07,-1.82,-6.18,1.19
0.09,0.17,1.06,-1.55,-5.32,0.6
0.09,0.17,1.07,-0.58,-7.05,-0.03
0.09,0.18,1.07,-1.19,-3.04,-0.06
0.09,0.17,1.07,-0.11,-6.73,-1.07
0.09,0.17,1.06,-2.6,-5.99,-1.13
0.09,0.16,1.06,-3.51,-4.57,-1.52
0.08,0.17,1.07,-4.49,-4.12,-1.38
0.09,0.17,1.08,-3.63,-4.44,-0.19
0.09,0.15,1.09,0.78,-4.2,0.74
0.09,0.16,1.07,-0.77,-6.51,0.77
0.09,0.17,1.08,0.29,-1.84,1.2
0.09,0.16,1.1,3.12,7.33,-1.73
-0.6,-0.73,0.18,37.64,23.15,6.13
-0.62,-0.71,0.18,21.03,6.06,3.19
-0.58,-0.73,0.23,8.71,7.19,-4.1
-0.62,-0.71,0.19,2.89,1.69,-5.77
-0.66,-0.71,0.22,-7.56,2.77,-7.2
-0.62,-0.7,0.18,-0.97,-3.01,10.45
-0.62,-0.68,0.18,-8.05,-9.59,1.68
-0.83,-0.64,0.26,-21.2,-35.95,9.49
-0.98,-0.59,0.3,-39.74,-100.92,49.29
-1.05,-0.63,0.41,-47.65,-159.55,98.2
-0.98,-0.67,0.52,-10.86,-183.92,124.93
-0.82,-0.63,0.57,21.81,-180.82,117.85
-0.82,-0.52,0.82,41.26,-157.98,115.46
-0.64,-0.48,0.95,42.78,-196.67,103.13
-0.58,-0.41,1.03,59.58,-161.73,87.79
-0.31,-0.34,0.94,86.16,-155.08,55.56
-0.27,-0.18,0.62,73.41,-151.05,37.25
-0.04,-0.09,0.48,66.42,-148.24,-11.1
-0.07,0.04,0.54,20.58,-59.22,-2.52
0.02,0.04,0.82,2.34,-0.96,-1.97
-0.03,0.06,0.9,-12.78,-16.98,0.97
0.02,0.05,1.06,-15.02,15.47,5.52
-0.01,0.07,1.12,-21.77,-6.69,2.22
0.06,0.07,1.16,-16.74,-1.89,5.88
0.03,0.07,1.19,-18.3,15.39,3.45
0.17,0.02,1.23,-7.61,-17.11,-5.94
0.15,0.01,1.19,-5.11,-12.62,-17.45
0.14,-0.04,1.17,16.64,1.97,-28.44
0.1,-0.05,1.06,12.38,-4.6,-43.96
-0.03,0,1.08,13.44,-11.41,-40.51
-0.13,0.05,1.08,4.09,-16.87,-27.68
-0.14,0.11,1.03,20.25,-36.49,-18.68
-0.08,0.11,1.02,-3.08,-54.92,-13.9
-0.03,0.07,0.68,48.58,35.88,8.71
0.2,0.04,1.01,3.25,-5.4,-4.56
0.11,0.09,1.11,-12.07,-5.07,2.71
0.07,0.11,1.08,-0.98,-1.8,6.81
0.1,0.11,1.1,-1.32,-5.72,4.11
0.09,0.11,1.1,-7.47,11.82,10.78
0.08,0.09,1.09,-3.02,9.9,6.65
0.08,0.09,1.07,6.37,2.05,1.18
0.06,0.08,1.11,-0.32,9.35,3.5
0.07,0.09,1.05,-1.45,5.7,-0.94
0.05,0.09,1.08,-8.71,8.48,-1.79
0.03,0.08,1.07,-6.84,5.69,1.23
0.03,0.07,1.1,-4.77,-2.62,-1.2
0.03,0.09,1.09,4.45,-2.34,0.66
0.02,0.1,1.09,2.68,-0.05,2.04
0.01,0.08,1.07,0.35,-3.44,2.47
0.03,0.08,1.09,-1.92,-5.18,1.6
0.04,0.07,1.09,-11.65,-5.58,1
0.03,0.08,1.09,-5.53,1.76,1.66
0.03,0.08,1.08,-0.23,-7.4,-1.48
0.03,0.07,1.08,1.77,-2.92,1.67
0.03,0.08,1.08,1.51,-5.17,-0.25
0.03,0.07,1.08,0.17,-4,0.19
0.04,0.07,1.08,1.57,-4.27,-1.08
0.03,0.07,1.1,-1.23,-4.56,0.52
0.04,0.07,1.08,2.35,-3.54,-0.17
0.03,0.09,1.09,-0.52,-2.93,0.03
-0.49,-0.83,0.19,0,-6.76,0.16
-0.49,-0.83,0.21,6.46,-6.22,3.26
-0.49,-0.81,0.21,2.11,-11.33,8.13
-0.48,-0.83,0.22,0.09,-12.31,8.87
-0.47,-0.81,0.22,-2.03,-10.44,2.42
-0.5,-0.81,0.23,0.66,-0.53,4.05
-0.56,-0.8,0.23,3.29,1.21,19.16
-0.8,-0.74,0.36,-19.72,-46.3,38.29
-0.83,-0.74,0.37,4.86,-36.67,72.16
-0.91,-0.69,0.41,11.9,-61.47,99.66
-0.7,-0.65,0.37,30.67,-49.36,103.13
-0.86,-0.56,0.54,23.11,-65.27,98.29
-0.84,-0.59,0.67,44.22,-134.61,87.91
-0.85,-0.55,0.86,57.03,-138.05,75.04
-0.75,-0.51,0.92,93.93,-172.79,58.55
-0.69,-0.44,1.04,68.43,-206.06,54.08
-0.45,-0.34,0.85,82.34,-190.01,15.55
-0.23,-0.21,0.68,70.8,-157.21,9.81
-0.18,-0.05,0.38,76.47,-86.46,-5.57
-0.07,0.02,0.51,31.6,-21.26,-0.47
-0.11,0.05,0.73,-3.92,-22.66,-2.05
-0.09,0.05,0.95,-12.88,8.07,3.95
-0.04,0.05,1.13,-25.92,-14.66,2.83
-0.02,0.07,1.15,-25.75,-26.53,7.92
-0.02,0.12,1.16,-13.17,-27.62,39.06
0.07,0.06,1.25,-24.91,24.63,45.84
0.28,0.13,1.6,-17.37,-36.53,33.97
0.09,0.01,1.22,44.87,1.43,-5.49
0.05,0.02,1.1,24.6,-45.37,-16.27
0.03,0.07,1.04,31.86,-20.47,-14.67
0.02,0.12,0.91,11.67,-52.22,-17.42
-0.03,0.2,0.98,-25.17,30.11,9.28
0.07,0.06,1.02,-11.97,-31.65,-10.68
0.07,0.13,1.04,-5.65,6.68,6.06
0.08,0.11,1.06,-5.1,-1.82,-2.84
0.05,0.11,1.05,-3.94,-4.07,0.45
0.07,0.12,1.07,-2.29,-6.72,4.68
0.08,0.11,1.07,3.96,-9.06,2.81
0.09,0.11,1.07,1.63,-3.22,3.14
0.1,0.11,1.06,1.79,-8.9,1.23
0.11,0.11,1.1,-2.35,-5.24,0.75
0.1,0.11,1.08,0.19,-3.76,-1.77
0.1,0.11,1.09,0.82,-4.79,0.13
0.1,0.12,1.07,1.2,0.97,0.45
0.09,0.12,1.07,-0.97,-2.44,-1.03
0.08,0.12,1.08,-2.75,0.67,0.94
0.09,0.11,1.07,-2.33,-1.6,0.61
0.08,0.11,1.08,-0.86,0.36,0.48
0.08,0.11,1.07,-2.28,-0.37,0.77
0.09,0.11,1.07,-1.44,0.53,0.23
0.08,0.11,1.07,-3.67,-1.67,-0.1
0.07,0.12,1.08,-1.33,-0.96,0.93
0.07,0.11,1.09,-4.31,-2.84,-1.62
0.07,0.1,1.08,-1.48,-5.69,-0.62
0.08,0.11,1.06,-1.78,-3.95,0.05
0.07,0.1,1.08,-2.49,-5.33,-0.81
0.07,0.1,1.09,-0.42,-2.9,0.29
0.08,0.1,1.09,-0.79,-4.75,0.58
0.07,0.11,1.08,2.04,-3.34,1.06
0.09,0.1,1.07,-2.46,-7.24,0.34
-0.72,-0.59,0.14,-3.57,-10.96,-0.25
-0.72,-0.61,0.16,2.64,-10.93,0.38
-0.75,-0.57,0.18,-7.17,-8.92,-2.81
-0.7,-0.6,0.16,-16.23,-18.58,7.57
-0.69,-0.61,0.17,2.44,-10.52,6.99
-0.69,-0.63,0.17,-8.59,-14.04,2.04
-0.76,-0.59,0.2,-19.72,-18.73,-0.26
-0.82,-0.53,0.25,-22.04,-40.73,-2.81
-0.98,-0.41,0.34,-9.87,-80.4,22.2
-0.99,-0.46,0.41,-31.92,-123.94,61.24
-0.95,-0.47,0.53,-11.37,-128.57,82.41
-0.92,-0.43,0.69,15.82,-139.79,91.74
-0.89,-0.41,0.85,51.33,-129.84,97.43
-1.03,-0.39,1.1,44.24,-167.76,114.71
-0.78,-0.41,1.16,69.13,-208.02,95.06
-0.55,-0.37,0.94,50.84,-252.14,68.34
-0.48,-0.18,0.86,51.44,-168.5,36.01
-0.09,-0.12,0.6,23.96,-160.9,3.44
-0.04,0.02,0.48,13.68,-92.27,-4.79
-0.02,0.1,0.58,3.48,-29.08,20.77
0.09,0.07,0.81,-11.54,15.62,16.15
0.13,0.04,1.06,-30.23,1.64,14.6
0.11,0.02,1.08,-25.51,11.54,15.47
0.17,0,1.2,-34.94,13.27,28.35
0.14,-0.09,1.22,-36.39,-11.37,3.04
0.13,-0.07,1.22,-6.31,15.91,-1.74
0.17,-0.12,1.15,1.06,-24.82,-16.12
0.15,-0.07,1.08,32.1,-2.82,-31.1
0.03,-0.01,1.06,21.18,-25.11,-36.68
0.03,0.07,0.98,23.16,-11.22,-32.8
-0.32,0.39,0.16,-9.1,177.49,5.36
0.08,-0.09,1.04,9.15,-42.59,-20.7
0.1,-0.03,1.18,7.69,16.04,11.49
0.09,0.06,1.05,-4.71,-6.24,0.01
0.08,0.04,1.13,-1.36,-2.95,0.06
0.07,0.03,1.1,6.09,-1.87,3.08
0.08,0.03,1.1,1.67,-3.89,3.96
0.08,0.03,1.07,6.22,-6.44,1.87
0.09,0.05,1.08,3.35,-4.76,4.45
0.09,0.03,1.09,-3,-5.14,2.35
0.11,0.04,1.07,-0.9,-8.42,0.11
0.1,0.03,1.09,-3.25,-4.79,1.68
0.09,0.06,1.07,-1.33,-3.17,-0.37
0.1,0.03,1.09,-5.22,-6.73,-2.29
0.1,0.04,1.08,-4.02,-3.76,-0.24
0.09,0.03,1.1,-2.83,-5.44,-2.02
0.09,0.03,1.12,-0.82,-2.05,0.77
0.09,0.03,1.09,1.19,-6.05,-1.02
0.1,0.04,1.1,1.26,-1.55,2.28
0.09,0.04,1.07,-1.22,-5.11,1.26
0.1,0.04,1.08,0.09,-4.4,2.13
0.09,0.03,1.08,0.87,-6.37,0.16
0.11,0.03,1.09,-0.75,-5.28,1.33
0.1,0.04,1.07,0.7,-3.29,0.52
0.1,0.04,1.09,-1.01,-5.44,-0.83
0.1,0.04,1.08,1.83,-1.26,0.94
0.1,0.04,1.08,0.19,-4.69,-1.71
0.1,0.04,1.1,3.16,1.22,0.11
0.09,0.05,1.09,0.39,-3.91,-1.16
0.09,0.06,1.08,3.89,0.65,-0.04
-1.07,-0.46,0.11,-22.34,6.24,-45.43
-0.88,-0.52,0.08,-49.06,37.81,-34.82
-0.82,-0.56,-0.03,-6.17,2.2,-28.16
-0.78,-0.55,0.05,6.28,-16.53,-12.88
-0.77,-0.59,0.15,-19.4,-50.67,-10.9
-0.75,-0.59,0.16,-18.01,-37.79,-5.68
-0.75,-0.6,0.19,-21.05,-36.61,-6.85
-0.66,-0.65,0.17,-37.71,-49.43,-19.31
-0.75,-0.62,0.3,-45.63,-45.65,-38.14
-0.96,-0.55,0.37,-22.6,-82.55,-9.23
-0.93,-0.56,0.45,21.88,-78,32.87
-0.97,-0.6,0.55,22.78,-87.53,67.44
-0.93,-0.61,0.68,32.77,-132.43,77.68
-0.83,-0.58,0.7,69.87,-128.82,91.77
-0.7,-0.57,0.84,70.06,-184.49,99.27
-0.71,-0.49,0.85,64.19,-184.5,92.94
-0.45,-0.44,0.93,73.59,-169.8,60.79
-0.46,-0.37,0.85,42.22,-210.45,23.24
-0.38,-0.24,1.01,30.66,-167.76,46.67
0,-0.18,0.78,51.75,-99.6,9.2
-0.03,0.03,0.6,64.93,-71.55,17.69
-0.03,0.04,0.56,24.48,-27.03,-12.29
0.09,0.06,0.77,16.27,-5.34,7.1
0.15,0.05,0.94,-14.98,-21.51,-7.73
0.12,0.06,1.03,-12.17,2.91,2.23
0.17,0.08,1.09,-9.73,1.06,-3
0.19,0.06,1.11,-27.71,-8.26,-0.28
0.22,0.04,1.14,-7.15,-1.93,2.69
0.37,-0.03,1.26,-41.66,24.35,2.42
0.29,-0.1,1.34,4.33,-2.4,-16.29
0.11,-0.03,1.02,42.59,18.48,-16.16
-0.09,0.03,1.05,32.32,-35.76,-33.66
-0.06,0.17,0.69,-55.08,170.24,43.21
0.04,-0.02,0.93,12.66,-32.92,-5.05
0.07,0.03,1.05,5.95,15.53,12.77
0.06,0.09,1.05,1.25,-6.76,-1.1
0.06,0.1,1.08,-6.55,-5.92,0.25
0.05,0.1,1.11,0.39,-3.2,0.75
0.05,0.09,1.12,0.79,-5.64,3.39
0.07,0.08,1.08,1.24,-8.95,1.51
0.06,0.08,1.06,5.4,-3.05,3.63
0.08,0.09,1.12,-0.16,-7.45,0.35
0.07,0.1,1.08,2.9,-2.56,1.57
0.06,0.1,1.07,-1.76,-3.4,1.17
0.07,0.1,1.06,1.38,1.61,1.75
0.06,0.1,1.09,2.09,3.55,2.64
0.05,0.11,1.09,3.56,5.56,-0.06
0.02,0.25,1.27,-4.03,-13.6,-0.96
0.04,0.12,1.07,3.72,7.64,-3.98
0.03,0.15,1.06,14.06,9.67,-8.06
0.05,0.14,1.12,23.93,10.29,-14.89
0.02,0.08,1.15,6.96,-6.15,-16.58
0.01,0.14,1.15,11.05,-12.25,-10.45
-0.03,0.28,0.94,15.07,-13.45,-20.13
0.01,0.23,1.05,8.72,2.45,-5.48
0.06,0.21,1.09,-25.76,-5.27,3.38
-0.02,0.12,1.08,-22.22,15.11,12.31
-0.01,0.16,1.05,-13.78,1.44,7.61
-0.06,0.13,1.03,-5.42,9.02,11.72
-0.05,0.16,1.07,-8.88,-14.96,2.21
-0.52,-0.81,0.04,-2.34,-12.71,-4.14
-0.52,-0.8,0.03,-2.18,0.91,-1.48
-0.54,-0.8,0.05,-5.1,-2.95,0.21
-0.52,-0.8,0.04,-4.97,-4.65,2
-0.52,-0.8,0.04,-1.58,-8.84,-0.95
-0.51,-0.8,0.03,-1.7,-3.42,0.29
-0.52,-0.8,0.05,0.93,-4.05,0.41
-0.52,-0.8,0.04,2.66,1.08,1.99
-0.54,-0.8,0.04,2.35,-0.3,2.17
-0.67,-0.79,0.11,11.95,7.93,11.39
-0.84,-0.76,0.13,10.81,-16.46,23.38
-1.02,-0.77,0.24,9.97,-63.85,61.71
-0.91,-0.75,0.35,38.09,-81.51,108.87
-0.9,-0.71,0,68.42,-178.95,131.24
-0.86,-0.62,0.61,83.86,-183.11,119.62
-0.9,-0.57,0.85,65.04,-241.6,133.72
-0.76,-0.65,1.1,51.78,-229.2,74.04
-0.64,-0.56,1.04,88.54,-245.89,82.29
-0.39,-0.43,0.74,74.29,-252.14,30.1
-0.01,-0.17,0.32,74.03,-146.34,8.35
-0.03,0.05,0.35,34.39,-74.5,-7.79
0,0.05,0.64,5.23,-7.49,-1.65
0.1,0.04,0.92,-8.31,0.18,11.97
0.09,0.03,1.03,-36.58,-11.95,-6.74
0.14,0.01,1.1,-25.24,-13.49,5.3
0.18,0.03,1.13,-25.98,0.18,1.42
0.13,-0.02,1.21,-18.48,19.02,7.55
0.23,0,1.14,3.83,-4.31,-12.2
0.14,-0.02,1.09,30.96,39.31,-14.93
0.12,-0.05,1.17,19.54,2.63,-27.25
0.06,-0.02,1.18,24.34,-15.09,-32.74
-0.02,0.05,1.16,21.43,-31.16,-31.08
-0.08,0.07,0.95,42.95,-37.22,-17.75
-0.05,0.13,1.3,-16.39,-23.96,10.34
0.02,0.05,1.12,7.67,-23.16,5.52
0.1,0.12,1.08,-6.16,12.6,7.09
0.08,0.07,1.07,-6.17,-5.5,-2.11
0.05,0.11,1.11,-9.58,-1.69,0.87
0.08,0.07,1.1,-4.78,-3.34,0.98
0.07,0.07,1.08,1.66,3.34,4.28
0.08,0.07,1.1,-1.53,-3.92,2.92
0.08,0.09,1.06,3.51,-4.37,1.52
0.09,0.08,1.09,-1.07,-2.25,1.15
0.08,0.07,1.08,3.78,3.8,2.87
0.07,0.09,1.08,2.48,0.98,2.64
0.08,0.08,1.07,1.54,-2.62,0.12
0.04,0.1,1.08,-0.48,1.56,1.39
0.08,0.09,1.08,-5.76,-5.47,0.56
0.05,0.09,1.08,5.76,-1.1,2.74
0.06,0.09,1.06,3.67,-6.59,0.42
0.08,0.11,1.06,6.35,-8,1.78
0.07,0.11,1.1,-0.01,2.46,3.64
0.06,0.09,1.09,-11.29,-5.89,-2.82
0.06,0.09,1.08,-7.74,-8.66,-1.9
0.08,0.13,1.09,2.99,-8.67,-15.01
0.08,0.15,1.05,13.71,-21.49,-11.58
0.05,0.08,1.11,5.92,6.63,-0.43
0.09,0.11,1.09,-6.48,2.44,2.68
0.07,0.11,1.09,-15.78,4.27,6.82
0.04,0.12,1.08,-5.94,5.05,2.65
-0.61,-0.72,0.22,-0.83,-5.87,4.82
-0.62,-0.72,0.2,2.15,-2.21,4.38
-0.6,-0.73,0.22,-2.33,-3.76,6.11
-0.59,-0.73,0.22,3.26,-3.52,5.59
-0.63,-0.71,0.2,0.74,1.16,10.48
-0.63,-0.7,0.21,0.82,-6.94,21.9
-0.72,-0.65,0.24,1.16,-30.35,26.71
-1.02,-0.53,0.42,-35.75,-89.54,50.67
-0.93,-0.55,0.45,-21.25,-156.75,83.46
-0.88,-0.53,0.64,-21.88,-170.79,96.29
-0.83,-0.53,0.79,26.15,-144.13,97.86
-0.89,-0.66,0.75,-27.22,-185.92,108.86
-0.81,-0.59,1.04,37.16,-252.14,58.3
-0.5,-0.64,1.14,66.46,-252.14,50.94
-0.23,-0.54,0.98,76.71,-231.5,-27.54
-0.11,-0.37,0.66,93.75,-134.34,-44.17
-0.08,-0.13,0.39,87.5,-43.54,-43.23
0.01,0.01,0.53,37.69,-17.66,-13.42
0.05,0.02,0.76,13.39,1.66,-6.39
0.11,0.03,0.93,1.71,13.88,-7.54
0.11,0.04,1,-14.75,11.35,10.41
0.16,0.01,1.11,-11.62,16.06,8.98
0.15,0,1.15,-18.87,25.33,7
0.17,0,1.17,-28.1,-17.66,-1.31
0.17,-0.07,1.25,-29.47,-13.05,-9.83
0.27,-0.14,1.38,-8.84,-7.98,-28.03
0.15,-0.06,1.13,37.14,17.93,-23.53
0.11,-0.01,1.08,32.91,14.53,-33.16
-0.06,0.03,0.98,39.09,-19.33,-33.74
-0.29,0.26,0.41,12.58,172.21,37.19
0.06,0.04,0.94,14.22,-34.84,-24.61
0.04,0.01,1.07,-11.1,-12.4,-1.3
0.03,0.05,1.08,-12.49,-7.34,0.16
0.06,0.04,1.11,-3.83,-8.4,-4.5
0.07,0.05,1.1,-0.2,-2.31,-0.29
0.06,0.03,1.1,-0.09,-7.91,1.64
0.05,0.04,1.1,8,-5.18,2.26
0.05,0.05,1.09,5.73,1.63,3.27
0.07,0.05,1.09,0.65,-5.31,3.17
0.06,0.06,1.09,1.57,-1.56,4.49
0.08,0.06,1.04,-3.29,-12.78,0.91
0.07,0.06,1.1,0.71,1.53,3.95
0.07,0.06,1.09,-2.42,-1.73,1.56
0.07,0.06,1.09,0.42,-3.98,0.62
0.07,0.06,1.09,0.47,-2.76,1.85
0.09,0.07,1.08,0.92,-2.78,1.89
0.02,0.08,1.09,-7.78,11.29,3.84
0.06,0.05,1.07,-6.59,1.62,-1.52
0.04,0.04,1.09,-7.29,-9.65,-4.97
0.03,0.05,1.09,-3.9,-0.77,-1.12
0.06,0,1.13,-4.89,9.37,-1.42
0.03,0.03,1.06,-18.79,12.46,9.52
0.01,0.03,1.06,-13.47,12.57,-2.39
0.02,-0.03,1.07,2.91,-9.37,-9.16
-0.01,0.01,1.08,6.92,-2.21,-3.19
0.02,0.03,1.1,3,-8.06,-1.83
0,0.04,1.09,10.06,-4.99,2.5
0.02,0.04,1.09,-4.59,-5.46,0.38
0,0.02,1.07,-11.28,1.74,0.84
0.03,0.01,1.06,5.9,-9.68,-4.84
-0.49,-0.81,0.23,-2.68,-7.66,5.98
-0.49,-0.81,0.2,-3.25,-4.04,6.45
-0.47,-0.83,0.21,-4.84,-8.95,4.26
-0.48,-0.81,0.21,-1.5,-3.05,-0.2
-0.49,-0.81,0.21,1.19,-0.77,0.34
-0.5,-0.8,0.22,1.35,3.08,-0.71
-0.63,-0.78,0.28,-8.7,-13.19,-1.55
-0.75,-0.74,0.29,-1.67,-24.47,26.71
-0.77,-0.73,0.31,-0.7,-66.95,56.94
-0.84,-0.7,0.41,5.62,-100.31,74.25
-0.98,-0.69,0.68,-5.67,-167.97,100.59
-0.96,-0.71,0.87,53.32,-190.73,129.38
-0.86,-0.8,1.15,53.21,-252.14,149.96
-0.56,-0.69,0.99,146.16,-252.14,99.1
-0.3,-0.55,0.75,130.33,-210.02,48.96
-0.23,-0.29,0.46,118.1,-164.67,19.36
-0.14,-0.16,0.4,72.41,-67.24,11.22
-0.03,-0.04,0.59,15.33,-62.85,1.3
-0.02,0.02,0.76,-4.75,8.05,13.5
0.04,0.05,0.96,-0.92,4.49,6.5
0.05,0.05,1.04,-22.27,-3.73,7.3
0.07,0.05,1.18,-4.36,2.44,6.32
0.19,0.02,1.17,-44,-87.78,-4.24
0.3,-0.02,1.24,-32.84,-42.47,-19.55
0.37,0,1.29,-15.67,-21.09,-21.99
0.45,0.01,1.15,58.71,49.23,-27.12
0.13,0.01,1.07,41.37,9.28,-32.87
0.07,-0.01,1.05,43.64,39.22,-30.76
-0.05,0.05,1,31.64,-42.18,-21.09
-0.1,0.14,0.84,-33.86,29.96,35.51
0.09,0.03,0.93,5.66,-22.21,4.51
0.14,0.13,1.06,-4.56,8.45,10.78
0.09,0.13,1.03,1.83,10.95,10.12
0.08,0.15,1.08,-6.33,-1.67,2.25
0.1,0.12,1.11,-9.11,-12.45,-0.87
0.14,0.11,1.1,5.9,-0.72,3.86
0.09,0.13,1.1,-2.08,-0.89,3.94
0.13,0.1,1.07,-3.26,-5.81,8.81
0.1,0.1,1.06,2.95,4.07,12.18
0.12,0.11,1.12,-8.32,-3.93,-1.83
0.11,0.12,1.06,3.48,3.6,-1.08
0.09,0.14,1.12,-5.17,1.55,-8.87
0.06,0.13,1.07,2.79,6.18,-0.18
0.08,0.12,1.07,-1.91,-2.34,-2.17
0.08,0.11,1.07,-4.08,0.98,2.34
0.06,0.11,1.07,-0.44,-2.27,-0.65
0.07,0.11,1.07,0.99,1.7,-0.72
0.08,0.11,1.08,-1.33,-4.98,-1.7
0.07,0.12,1.08,1.16,0.89,0.65
0.05,0.12,1.07,1.6,-3.11,-2.06
0.06,0.13,1.09,-2.97,-1.19,-2.66
0.06,0.1,1.09,-1.78,-0.69,-3.58
0.06,0.11,1.07,5.12,3.47,-0.87
0.02,0.13,1.05,25.98,5.58,4.19
0.06,0.17,1.09,12.17,-12.17,-4.55
0.04,0.17,1.09,11.48,5.31,-3.13
0.03,0.16,1.05,-3.15,6.85,2.52
0.06,0.16,1.06,-8.07,-3.69,0.9
0.03,0.17,1.08,1.33,-0.69,3.65
0.03,0.17,1.06,0.18,-3.51,1.98
-0.63,-0.71,0.1,-2.88,5.56,-7.43
-0.6,-0.72,0.08,-1.59,2.88,3.06
-0.62,-0.72,0.08,4.19,-0.39,-7.7
-0.64,-0.71,0.11,8.48,2.47,-2.55
-0.64,-0.68,0.11,-3.41,-8.54,-4.69
-0.68,-0.69,0.1,-6.97,-12.24,-6.2
-0.86,-0.59,0.12,-6.16,-29.67,11.16
-1.02,-0.52,0.21,-33.77,-90.5,55.1
-1,-0.53,0.27,-8.41,-78.95,89.5
-0.87,-0.53,0.3,12.45,-53.08,106.6
-0.99,-0.47,0.42,24.17,-36.34,101.3
-1.1,-0.47,0.55,-3.8,-118.85,112.65
-1.02,-0.45,0.64,3.67,-161.68,115.95
-0.9,-0.4,0.8,18.92,-224.13,108.05
-0.77,-0.31,0.81,6.91,-252.02,98.7
-0.59,-0.28,0.9,-55.99,-252.14,103.94
-0.22,-0.29,1.04,-31.44,-252.14,50.92
-0.11,-0.19,0.49,97,-142.5,2.24
0.04,-0.03,0.38,61.12,-19.08,-5.51
0.04,0.05,0.64,-20.28,5.21,-14.13
0.05,0.04,0.9,-2.83,20.31,-1.06
0.15,0.03,1.01,-29.89,6.66,-0.74
0.07,0.01,1.04,2.94,22.41,-0.07
0.23,0.04,1.21,-27.19,5.76,0.93
0.22,-0.04,1.27,-21.34,-24.04,-8.47
0.09,0.03,1.25,1.46,4.08,-5.86
0.2,-0.02,1.19,-0.2,-37.95,-22.52
0.07,0.04,1.2,47.63,8.45,-7.46
0.04,-0.01,1.1,33.12,-45.27,-36.33
0.09,1.01,1.13,-43.73,186.63,61.48
0.03,0.02,1.03,0.21,-53.58,-30.19
0.08,0.05,1.12,-2.44,-6.95,2.44
0.1,0.11,1.09,-8.81,3.21,2.53
0.07,0.09,1.05,-2.13,-2.96,-6.81
0.08,0.07,1.11,-3.49,-7.11,-5.34
0.06,0.06,1.09,-3.42,-2.73,-2.95
0.08,0.07,1.1,-8.77,-9.92,-3.39
0.07,0.08,1.06,4.51,-7.59,-5.23
0.04,0.09,1.05,0.87,2.75,2.84
0.06,0.05,1.1,-8.22,-7.2,2.12
0.08,0.03,1.15,-3.16,-10.76,1.6
0.09,0.05,1.12,-1.1,-6.85,-4.07
0.11,0.07,1.08,3.34,-5.42,-5.96
0.08,0.07,1.08,-2.09,-1.89,-3.37
0.07,0.06,1.08,-2,-4.27,-0.68
0.06,0.06,1.06,-2.25,-4.44,1.1
0.1,0.04,1.08,-6.57,-11.08,-0.86
0.11,0.05,1.09,-3.39,-6.95,0.45
0.11,0.06,1.09,-3.29,-10.76,-2.11
0.11,0.05,1.08,-2.96,-11.18,-1.45
0.11,0.04,1.09,-3.36,-8.58,-2.45
0.12,0.05,1.07,0.69,-1.92,0.73
0.11,0.03,1.09,-3.97,-6.23,-1.08
0.11,0.03,1.09,-2.33,-3.2,0.1
0.12,0.03,1.1,-3.04,-3.31,0.56
0.12,0.04,1.08,-4.68,-6.6,2.38
0.12,0.03,1.08,-2.14,-5.92,0.77
0.12,0.04,1.09,-3.96,-5.34,1.48
0.13,0.04,1.11,-0.1,-3.9,-0.55
0.11,0.05,1.06,-1.23,1.81,1.7
-0.52,-0.81,0.2,1.54,-1.07,0.29
-0.49,-0.83,0.2,-4.91,-13.9,-0.3
-0.5,-0.82,0.22,-13.83,-43.36,-4.94
-0.49,-0.82,0.18,-18.89,-48.56,7.02
-0.45,-0.83,0.2,-1.33,-14.77,3.61
-0.5,-0.77,0.26,1.37,-8.53,-0.1
-0.51,-0.81,0.26,4.62,-3.05,2.16
-0.93,-0.71,0.44,-3.16,-41.24,21.92
-1.04,-0.76,0.57,-4.68,-135.18,88.74
-0.89,-0.74,0.65,47.34,-87.35,126.35
-0.9,-0.76,0.55,81.4,-98.89,157.59
-0.92,-0.69,0.27,117.58,-252.14,192.03
-0.82,-0.69,1.06,33.44,-252.14,168.01
-0.33,-0.55,0.83,179.12,-252.14,91.84
-0.13,-0.34,0.34,90.13,-170.3,54.36
-0.08,-0.12,0.44,38,-78.66,-1.15
0.02,-0.02,0.67,-2.91,-37.58,10.33
-0.03,0.04,0.82,-5.64,2.65,1.64
0.01,0.04,1,-10.03,9.84,7.91
0.01,0.04,1.01,-10.08,-13.06,-0.97
0.02,0.04,1.06,-5.84,12.2,2.05
0.03,0.04,1.1,-22.49,-0.98,2.54
0.04,0.04,1.16,-32.4,-1.52,0.71
0.08,0.01,1.25,-40.94,11.96,2.35
0.11,-0.04,1.45,-40.19,2.89,-0.77
0.13,-0.09,1.35,23.71,-17.88,-33.27
0.07,-0.08,1.1,53.83,-8.19,-28.19
0.01,-0.01,1.03,67.93,-5.49,-26.36
-0.04,0.01,0.95,45.61,-11.97,-17.87
-0.09,0.1,0.89,34.63,-19.53,-30.46
-0.07,0.14,0.93,9.5,-42.91,-11.36
0.09,0.31,0.4,-48.31,81.89,4.67
0.1,0.06,1.06,-6.31,-16.24,-2.13
0.05,0.12,1.09,-7.53,7.15,2.48
0.06,0.11,1.1,-20.71,-4.97,-2.79
0,0.12,1.07,-4,-3.11,3.23
0.02,0.12,1.08,-4.88,-5.94,4.54
0.04,0.09,1.1,2.91,4.54,8.55
0.03,0.11,1.08,-2.53,-2.87,7.32
0.05,0.08,1.12,-6.37,-2.92,6.87
0.04,0.09,1.06,-3.72,-3.92,5.59
0.05,0.07,1.09,-8.55,-3.4,5.37
0.05,0.07,1.08,-2.97,-12.81,0.56
0.06,0.07,1.09,-3.36,-7.47,0.9
0.06,0.08,1.06,-4.34,-2.85,3.29
0.07,0.06,1.1,-9.05,-0.63,3.69
0.08,0.06,1.11,-9.75,-7.56,2.81
0.05,0.06,1.09,1.35,-4.06,2.47
0.07,0.07,1.12,-6.6,-11,0.85
0.06,0.06,1.08,1.15,-4.95,-0.68
0.06,0.06,1.09,-2.62,-2.42,-0.91
0.07,0.05,1.07,-3.74,-0.21,-0.93
0.06,0.05,1.08,-6.03,-0.1,0.44
0.07,0.05,1.08,-6.52,2.69,1.48
0.02,0.05,1.1,-3.05,7.23,1.2
0.03,0.04,1.08,0.97,4.08,0.71
0.03,0.03,1.1,0.94,3.37,1.06
0.02,0.04,1.08,0.34,0.89,2.4
0,0.05,1.07,-2.08,6.8,5.33
0.02,0.04,1.08,-4.62,-2.11,5.81
-0.71,-0.63,0.16,-3.22,-1.66,4.66
-0.71,-0.61,0.2,8.34,-7.5,11.8
-0.68,-0.64,0.15,0.77,-17.94,12
-0.71,-0.61,0.19,4.24,-1.15,9.24
-0.69,-0.62,0.19,5.06,-6.86,9.11
-0.72,-0.58,0.22,2.53,-8.88,1.34
-0.93,-0.47,0.29,-25,-49.51,9.86
-1.03,-0.4,0.34,-77.33,-112.27,64.76
-0.97,-0.42,0.45,-71.07,-151.66,86.51
-0.93,-0.44,0.63,-40.08,-161.63,92.86
-0.92,-0.43,0.76,4.98,-161.72,104.53
-1.15,-0.23,0.78,39.12,-156.18,87.58
-0.76,-0.39,0.88,23.77,-173.98,82.35
-0.61,-0.33,0.86,33.46,-173.68,54.42
-0.56,-0.25,0.98,13.73,-161.69,52.15
-0.42,-0.26,0.94,38.45,-141.73,24.22
-0.18,-0.2,0.93,56.11,-135.94,6.4
-0.14,-0.12,0.77,27.71,-131.66,-2.55
-0.04,0.02,0.7,50.59,-68.69,-23.63
0.06,0.06,0.71,0.86,-57.29,-14
0.1,0.05,0.85,14.14,-1.5,-3.68
0.14,0.05,0.98,-0.75,-12.64,-5.44
0.21,0.13,0.95,-1.06,2.13,-6.71
0.17,0.11,1.02,-14.84,13.73,0.45
0.2,0.05,1.14,-33.48,-1.49,7.77
0.18,0.03,1.27,-24.37,0.5,-0.06
0.2,0.03,1.2,-10.56,9.4,-3.32
0.21,0.03,1.17,22.68,4.93,-15.32
0.16,0.09,1.06,18.54,-11.19,-15.21
0.12,0.01,1.09,18.17,4.41,-8.98
0.08,0.06,1.06,17.62,-10.23,-15.15
0.05,0.07,1.07,6.22,-13.44,-10.77
-0.11,0.09,0.78,-36.49,56.59,22.91
0.04,0.04,1.01,-3.13,-29.29,-7.47
0.11,0.09,1.08,-0.45,3.59,9.63
0.11,0.09,1.1,-2.91,-7.99,3.23
0.11,0.1,1.09,-2.37,-13.15,3.13
0.11,0.09,1.07,8.13,-6.98,9.39
0.14,0.07,1.1,0.38,-7.5,1.98
0.12,0.1,1.07,8.96,1.76,6.18
0.13,0.09,1.08,-2.76,-7.84,2.65
0.13,0.11,1.07,5.48,2.06,3.23
0.13,0.11,1.1,-1.75,-3.5,1.52
0.12,0.1,1.09,6.53,6.9,3.74
0.11,0.11,1.09,3.92,2.02,2.04
0.09,0.12,1.06,4.41,1.02,4.14
0.1,0.13,1.08,0.21,-0.44,0.42
0.08,0.12,1.07,3.46,4.86,2.12
0.07,0.13,1.07,3.01,4.21,0.17
0.06,0.14,1.1,6.67,15.02,4.9
0.03,0.16,1.08,9.14,17.72,5.12
0.04,0.16,1.08,-0.52,2.87,2.24
0.02,0.15,1.07,5.75,6.73,2.29
0.03,0.16,1.05,-1.44,-4.52,-2.43
0.03,0.13,1.07,2.44,-0.82,-0.77
0,0.19,1.07,-0.64,20.03,1.51
0,0.19,1.11,-7.78,4.21,0.98
-0.02,0.14,1.05,9.03,8.38,8.61
-0.04,0.19,1.12,3.08,2.12,14.6
-0.04,0.16,1.03,5.39,-15.5,-8.04
-0.66,-0.7,0.1,8.07,0.47,-0.36
-0.65,-0.71,0.05,5.16,-5.98,5.55
-0.67,-0.69,0.11,7.54,-7.32,4.35
-0.64,-0.7,0.07,1.48,-1.12,4.35
-0.69,-0.67,0.15,-0.23,-3.54,6.76
-0.75,-0.62,0.19,-10.5,-7.73,18.75
-1.09,-0.53,0.09,-89.13,-155.73,70.27
-1.07,-0.48,0.32,-44.17,-176.65,109.86
-0.93,-0.52,0.42,-27.38,-218.63,124.84
-0.91,-0.49,0.66,16.55,-146.16,111.33
-1.02,-0.48,1.01,2.83,-178.73,109.73
-0.87,-0.52,1.07,26.54,-252.14,94.13
-0.62,-0.45,0.91,69.1,-210.85,72.95
-0.36,-0.36,0.63,66.9,-218.35,23.77
-0.19,-0.19,0.49,56.5,-144.72,-1.54
-0.14,-0.12,0.51,38.93,-79.81,-3.98
-0.1,0,0.69,27.22,-36.69,2.91
0.01,0.01,0.91,-0.65,-11.11,-4.43
-0.01,0.07,0.96,-12.94,-30.09,-4.2
0.04,0.07,1.06,-19.47,5.66,3.84
0.04,0.07,1.11,-12.65,-6.35,3.87
0.11,0.03,1.2,-24.52,2.08,0.52
0.13,-0.05,1.3,-42.24,-51.48,-6.25
0.26,-0.18,1.44,-56.99,-35.44,-24.38
0.2,-0.09,1.27,28.93,-18.83,-41.56
0.06,-0.01,1.04,53.67,-11.52,-34.62
0.01,0.04,0.89,54.75,-7.95,-34.47
0.02,0.1,0.9,37.88,-4.57,-13.6
0.1,0.14,0.66,-40.07,38.34,18.61
0.1,0,0.97,5.58,-31.69,-2.03
0.13,0.09,1.09,-5.59,13.15,6.64
0.14,0.08,1.07,1.3,2.4,2.82
0.09,0.1,1.09,-7.29,14.43,-2.79
0.09,0.07,1.08,-6.75,2.18,-0.34
0.07,0.07,1.1,-0.55,5.14,0.52
0.09,0.08,1.09,-3.12,-1.19,-1.1
0.07,0.06,1.09,-1.49,-2.01,3.52
0.08,0.07,1.09,-6.13,-2.33,3.12
0.08,0.05,1.1,-3.29,-3.17,1.47
0.08,0.07,1.1,7,3.11,0.25
0.07,0.06,1.07,4.34,-2.68,-1.68
0.07,0.09,1.08,1.9,-2.41,-1.64
0.08,0.08,1.09,-6.37,-3.98,-0.65
0.06,0.08,1.09,4.18,-6.41,0.58
0.07,0.08,1.08,1.07,-3.76,0.77
0.07,0.1,1.1,-2.91,-5.92,1.54
0.08,0.07,1.09,-2.39,-7.79,0.05
0.06,0.09,1.1,-2.59,-3.24,0.64
0.08,0.07,1.11,3.51,-8.2,-5.13
0.08,0.1,1.05,-0.1,-6.04,1.19
0.07,0.11,1.06,-4.43,-3.89,-0.99
0.09,0.08,1.1,-6.42,-7.93,-0.58
0.07,0.09,1.08,1,-2.2,-0.65
0.1,0.09,1.1,9.71,-10.21,-7.87
0.02,0.12,1.03,15.78,-14.42,-14.81
0.13,0.09,1.04,-1.2,14.95,-4.28
0.05,-0.03,1.28,-4.07,6.02,-0.46
0.04,0.08,1.06,-0.81,12.98,3.4
0.03,0.1,1.07,13.79,-1.18,8.54
0.06,0.07,1.05,-6.22,12.34,12.68
-0.69,-0.63,0.16,-7.76,-13.51,9.62
-0.61,-0.72,0.23,-3.81,-6.59,8.2
-0.67,-0.66,0.17,4.15,4.66,0.05
-0.68,-0.66,0.15,0.71,-4.44,1.77
-0.66,-0.67,0.16,3.59,-0.92,3.29
-0.71,-0.63,0.2,1.91,-3,4.33
-0.87,-0.56,0.26,-4.28,-6.85,20.69
-0.97,-0.5,0.32,-31.25,-86.39,71.21
-0.93,-0.49,0.37,-24.13,-114.84,86.77
-0.9,-0.5,0.44,-5.97,-113.69,101.62
-0.79,-0.47,0.42,26.22,-72.29,85.03
-0.94,-0.36,0.57,38.25,-38.73,80.33
-1.03,-0.39,0.74,9.09,-121.22,89.84
-1.09,-0.38,0.95,1.8,-207.89,98.35
-0.78,-0.34,0.81,36.71,-252.14,85.9
-0.44,-0.27,0.65,5.23,-252.14,47.32
-0.22,-0.13,0.57,85.92,-67.65,21.54
-0.22,-0.08,0.73,3.93,-144.15,23.52
-0.1,-0.05,0.67,55.16,-18.52,7.28
-0.06,0.04,0.91,-16.69,-45.78,6.84
-0.06,0.07,0.96,2.51,-4.02,6.46
0.02,0.08,1.1,-28.63,-43.13,6.82
0.12,0.06,1.25,-29.99,-35.03,-0.74
0.19,-0.01,1.22,-54.1,-41.88,-23.06
0.24,-0.11,1.34,-47.04,-18.06,-18.96
0.18,-0.14,1.23,25.97,-45.84,-48.94
0.14,-0.06,1.01,52.77,8.66,-57.28
0.06,-0.02,0.89,53.37,6.56,-50.06
-0.04,0.06,0.98,40.87,8.84,-40.81
-0.07,0.14,0.85,43.1,-10.74,-16.72
-0.08,0.03,0.69,-22.05,60.74,7.04
0.05,0.08,1.01,-13.47,-37.49,-13.41
0.02,0.13,1.05,-6.18,19.85,14.35
0.06,0.11,1.05,-9.4,-8.15,4.73
0.1,0.09,1.12,-16.17,-8.07,0.84
0.06,0.09,1.11,-7.59,0.37,3.71
0.08,0.06,1.1,-12.47,-11.11,3.23
0.07,0.07,1.09,-2.03,-5.51,2.9
0.11,0.07,1.09,-9.01,-5.13,4.31
0.12,0.07,1.11,-6.54,-0.18,-2.1
0.09,0.07,1.12,-6.96,0.82,-1.75
0.08,0.06,1.09,7.66,1.7,-4.19
0.09,0.05,1.08,4.32,-0.04,-5.82
0.09,0.05,1.06,2.58,-0.5,-3.12
0.08,0.06,1.06,-7.67,-4.27,-7.22
0.08,0.05,1.12,-4.29,-1.43,-2.65
0.04,0.06,1.09,-5.51,-8.52,-3.42
0.06,0.05,1.12,-1.18,-3.05,0.51
0.06,0.07,1.09,-0.2,-6.97,-1.5
0.08,0.07,1.11,-2.01,-3.62,-0.29
0.06,0.05,1.08,-1.17,-1.53,-1.01
0.06,0.06,1.1,1.35,2.2,-0.75
0.04,0.06,1.07,1.87,6.08,-3.36
0.06,0.06,1.07,0.85,-0.85,2.13
0.05,0.05,1.09,-6.13,-3.11,2.09
0.05,0.07,1.11,-3.79,-4.02,2.29
0.06,0.07,1.11,1,-2.63,0.36
0.02,0.06,1.13,-5.65,13.66,11.48
0,0.01,1.05,6.94,5.34,7.75
-0.01,0.04,1.08,-7.44,11.24,4.46
-0.62,-0.74,0.12,19.36,-9.36,19.68
-0.64,-0.7,0.24,6.81,-20.05,11.84
-0.58,-0.72,0.22,7.03,-1.21,10.15
-0.58,-0.71,0.18,12.93,6.96,7.58
-0.59,-0.73,0.2,5.16,7.66,-3.07
-0.68,-0.7,0.23,-11.8,-30.6,-7.95
-0.95,-0.62,0.31,-35.9,-104.76,21.52
-1.04,-0.58,0.52,-36.03,-156.21,60.85
-1.05,-0.59,0.76,-21.5,-223.93,117.82
-0.76,-0.66,0.81,43.23,-243.44,109.68
-0.71,-0.62,0.88,68.51,-158.69,118.23
-0.52,-0.59,0.92,65.9,-192.31,89.33
-0.49,-0.49,0.99,66.19,-199.88,63.97
-0.28,-0.43,0.97,51.33,-193.68,29.74
-0.12,-0.26,0.77,87.91,-113.11,-10.62
-0.1,-0.14,0.64,60.94,-96.34,-0.84
-0.04,-0.07,0.53,66.32,-6.7,-15.81
0.05,0.02,0.67,4.81,-28.53,-3.75
0.04,0.05,0.88,-4.33,10.53,1.24
0.13,0.06,1,-18.49,-1.63,5.58
0.17,0.03,1.1,-4.23,9.85,-2.57
0.2,0.01,1.14,-10.58,16.48,6.08
0.1,0.02,1.32,-33.91,-45.41,4.84
0.18,-0.03,1.36,14.68,32.47,10.57
0.06,-0.04,1.18,27.3,-0.68,-11.7
0.06,0.08,1.04,36.88,8.68,-8.65
0.03,0.07,1.01,21.85,-32.34,-12.9
0.04,0.09,1.01,22.24,-31.69,-10.16
0.03,0.09,0.52,-85.87,190.89,52.54
0.06,0.04,0.98,-7.1,-39.82,-13.76
0.06,0.04,1.12,-7.01,4.53,6
0.03,0.11,1.08,-8.21,-5.5,-1.65
0.07,0.08,1.09,-6.07,-12.77,-6.9
0.07,0.08,1.14,-5.24,-6.36,-4.3
0.07,0.08,1.07,3.91,-8.68,1.34
0.08,0.05,1.12,-1.33,0.5,-0.22
0.06,0.07,1.1,3.16,-6.17,-1.22
0.07,0.07,1.1,-2.51,-5.5,-0.95
0.08,0.07,1.06,-1.86,-4.08,0.14
0.03,0.08,1.05,-2.68,3.79,1.27
0.05,0.09,1.02,-4.27,2.58,4.68
0.09,0.08,1.11,-6.48,-12.67,2.04
0.1,0.05,1.14,-9.3,-11.8,0.06
0.09,0.05,1.09,-0.92,-1.34,-3.48
0.09,0.06,1.11,-3.96,-1.98,-9.49
0.08,0.06,1.08,1.29,4.19,-7.74
0.06,0.05,1.09,-1.72,3.89,-8.03
0.06,0.06,1.07,-3.42,3.18,-5.01
0.05,0.04,1.11,-2.45,-2.94,-8.24
0.04,0.05,1.09,2.27,3.37,-3.67
0.03,0.04,1.1,-0.36,-2.82,-5.5
0.04,0.05,1.08,0.22,6.63,-1.15
0.02,0.03,1.08,-0.49,7.18,-0.42
0,0.03,1.09,-1.42,-0.07,3.53
-0.03,0.06,1.09,-0.08,2.82,5.94
-0.02,0.06,1.06,-1.01,2.35,8.98
-0.01,0.07,1.08,-2.27,-2.27,12.08
0,0.06,1.09,-1.65,-4.31,15.21
0.02,0.06,1.1,1.01,-9.37,14.7
0.02,0.05,1.08,1.84,-8.61,14.23
-0.57,-0.79,0.03,-2.87,-32.52,8.86
-0.59,-0.76,0.05,-17.98,-59.99,11.48
-0.6,-0.76,0.11,-7.16,-35.23,14.26
-0.64,-0.73,0.12,4.86,-12.98,20.77
-0.64,-0.73,0.13,5.03,-21.51,23.6
-0.83,-0.69,0.22,-1.75,-63.95,36.75
-0.95,-0.65,0.35,1.55,-105.47,83.84
-1.01,-0.62,0.49,22.49,-97.02,101.62
-1.05,-0.58,0.67,28.74,-164.08,132.98
-1.04,-0.45,0.73,49.91,-203.46,132.5
-0.92,-0.5,0.87,58.46,-201.57,130.03
-0.78,-0.5,0.88,69.02,-232.15,113.73
-0.45,-0.41,0.73,73.84,-246.89,68.13
-0.21,-0.24,0.58,27.54,-252.14,15.16
-0.05,-0.06,0.5,58.63,-111.83,-5.69
0.06,0.03,0.62,17.25,-44.35,-2.78
0.09,0.07,0.81,-3.99,-19,-1.72
0.18,0.07,0.91,-14.22,11.4,14.74
0.18,0.06,1.05,-44.04,-0.85,26.71
0.21,0.01,1.12,-26.48,19.81,16.58
0.33,-0.01,1.2,-48.6,5.35,6.58
0.37,-0.11,1.38,-11.99,-16.4,-29.64
0.28,-0.08,1.33,17.54,-19.21,-52.61
0.12,-0.03,1.15,26.4,-36.53,-68.37
0,0.02,0.97,25.77,-35.52,-59.69
-0.12,0.08,0.9,21.86,0.08,-38.11
-0.29,0.14,0.98,-35.6,26.89,20.29
0.1,0.03,0.98,10.56,6.69,4.15
0.13,0.1,1.08,-16.62,5.07,8.27
0.08,0.11,1.1,-6.13,1.01,6.11
0.07,0.09,1.11,-0.08,-4.02,8.66
0.08,0.1,1.09,-1.24,-10.6,8.75
0.11,0.08,1.11,-5.39,-9.55,7.77
0.12,0.09,1.1,0.4,-4.62,3.01
0.11,0.07,1.1,2.25,-1.39,5.68
0.11,0.08,1.1,-1.39,0.99,5.19
0.07,0.09,1.08,0.54,2.05,8.43
0.08,0.09,1.1,-0.39,1.82,4.32
0.08,0.08,1.08,4.76,-1.49,2.96
0.06,0.1,1.06,4.63,3.77,6.66
0.06,0.09,1.07,-7.84,-7.68,2.11
0.05,0.1,1.09,-4.38,2.98,4.59
0.06,0.08,1.09,-1.68,-10.15,1.32
0.06,0.1,1.08,3.4,0.1,7.1
0.07,0.09,1.1,-3.87,-6.09,5.66
0.04,0.1,1.08,4.59,13.43,8.83
0.08,0.09,1.11,-1.28,5.59,-1.35
0.07,0.11,1.08,9.64,9,3.01
0.05,0.1,1.07,4.43,6.31,3.73
0.02,0.12,1.04,2.84,-0.87,0.95
0.01,0.1,1.08,-2.42,-2.79,-0.62
0.01,0.1,1.06,-0.57,-4.6,-0.16
0,0.09,1.07,-3.63,-3.88,-1.2
0.01,0.1,1.09,-0.54,-5.94,-1.73
0.02,0.1,1.07,-1.22,-4.82,-1.86
0.02,0.08,1.06,-1.5,-3.37,-1.25
0.03,0.09,1.06,-3.02,-13.89,-4.36
0.03,0.12,1.07,5.13,-12.3,-3.48
0.06,0.12,1.1,1.06,-18.83,-3.54
0.04,0.1,1.12,-7.6,-21.44,-4.43
-0.63,-0.68,0.04,4.28,-8.3,0.1
-0.63,-0.69,0.04,4.63,-15.42,1.42
-0.72,-0.7,0.09,6.58,-36.07,-13.99
-0.66,-0.81,0.17,21.43,-35.66,4.85
-0.67,-0.68,0.13,9.12,-26.36,6.72
-0.73,-0.66,0.23,13.24,-23.56,8.35
-0.86,-0.61,0.32,-0.36,-78.13,30.29
-0.91,-0.6,0.43,-10.08,-133.47,61.76
-1.05,-0.57,0.66,8.32,-140.92,87.41
-0.98,-0.62,0.79,47.33,-155.21,125.13
-0.91,-0.57,0.84,88.65,-155.16,130.83
-0.9,-0.42,0.99,102.62,-148.02,143.77
-0.67,-0.38,0.88,104.53,-163.95,111.94
-0.46,-0.19,0.63,45.36,-252.08,79.25
-0.25,-0.08,0.47,38.16,-158.09,53.06
-0.12,-0.02,0.51,-5.46,-112.31,33.73
-0.08,0.02,0.7,5.83,-26.37,32.4
0.02,0.03,0.88,-16.16,-23.08,12.01
0.02,0.07,0.98,-23.31,-29.42,9.93
0.08,0.08,1.04,-19.35,-8.79,6.03
0.09,0.09,1.12,-22.26,-7.85,-0.22
0.17,0.04,1.22,-36.42,-25.4,-11.81
0.08,0.03,1.23,-9.76,-25.56,16.87
0.2,0,1.24,25.8,23.05,4.71
0.09,0.05,1.12,39.87,27,0.06
-0.01,0.06,1.04,32.09,-21.02,-14.58
-0.08,0.14,1.02,31.03,5.07,3.33
-0.1,0.12,1.03,-5.02,-34.11,0.93
0,0.18,1.01,-20.79,16.02,18.04
-0.01,0.09,1.08,-12.31,-10.37,-2.74
0.02,0.16,1.09,-9.37,3.18,2.99
0.02,0.15,1.1,-2.68,-6.21,-1.56
0,0.15,1.08,-6.09,-9.93,2.07
0.02,0.12,1.11,-5.33,-11.22,0.9
0.02,0.12,1.09,-2.9,-10.12,-1.96
0.03,0.12,1.08,2.89,-2.11,5.23
0.04,0.13,1.08,-9,-11.31,0.8
0.04,0.11,1.08,-0.42,-2.2,0.19
0.03,0.12,1.08,-1.37,-6.11,1.32
0.04,0.12,1.08,3.07,-2.67,1.61
0.04,0.13,1.06,-2.29,-7.63,-0.77
0.04,0.11,1.09,-1.71,-1.98,-0.23
0.04,0.13,1.09,2.12,-4.09,-0.57
0.03,0.12,1.07,-0.3,-4.46,-0.26
0.04,0.13,1.08,4.72,-3.95,-0.16
0.03,0.14,1.08,6.57,-2.28,3.7
0.04,0.13,1.08,-0.4,-0.65,1.97
0.03,0.12,1.09,-0.68,-5.48,3.95
0.02,0.14,1.07,-4.69,-2.44,1.24
0.04,0.12,1.08,-4.31,-4.85,0.63
0.03,0.13,1.1,-0.66,-1.01,0.96
0.04,0.13,1.05,2.38,5.67,4.41
0.01,0.12,1.08,1.27,13.76,2.17
0.04,0.08,1.25,-25.62,-3.37,-10.8
0.01,0.1,1.07,-13.6,-17.96,-5.9
0.04,0.12,1.01,-3.21,-29.28,-12.55
0.05,0.17,1.09,12.68,-26.93,-4
0.14,0.16,1.09,-0.52,8.49,-6.9
0.07,0.03,1.12,-10.61,5.03,-21.18
0.01,0.12,1.11,6.83,1.13,-3.8
-0.74,-0.63,0.15,-4.18,-13.01,13.59
-0.67,-0.65,0.13,-10.65,-23.95,18.59
-0.67,-0.64,0.17,3.6,-1.14,13.64
-0.68,-0.64,0.18,11.34,9.78,6
-0.68,-0.62,0.17,9.85,2.21,5.7
-0.71,-0.63,0.18,-1.62,-14.72,6.16
-0.96,-0.53,0.24,-15.49,-28.34,14.97
-1.08,-0.5,0.32,-11.23,-37.9,60.01
-1.11,-0.45,0.37,-11.05,-72.6,105.61
-0.98,-0.45,0.38,-1.19,-105.86,93.66
-1,-0.41,0.48,9.05,-90.69,105.56
-1.05,-0.42,0.65,-10.32,-157.31,116.96
-0.95,-0.42,0.77,9.7,-215.86,118.71
-0.75,-0.35,0.78,55.93,-234.76,99.8
-0.47,-0.27,0.73,56.22,-232.95,73.14
-0.29,-0.11,0.59,45.01,-202.66,38.45
-0.06,-0.04,0.61,32.06,-101.83,-8.64
-0.13,0.11,0.63,41.95,-16.32,-14.39
-0.07,0.15,0.76,-15.11,-16.03,2.39
-0.06,0.17,0.96,-21.46,-15.37,-3.71
0.01,0.16,1.04,-20.79,-1.29,7.36
-0.05,0.15,1.12,-30.57,-13.72,4.68
0.06,0.12,1.22,-40.72,-6.74,-7.01
0.01,0.02,1.24,-17.42,-12.11,-13.72
-0.03,0.01,1.17,10.64,-23.33,-23.16
-0.07,0.05,1.06,27.99,-22.52,-16
-0.1,0.09,0.99,24.21,-36.18,-13.42
-0.03,0.11,0.79,22,6.82,0.67
0.05,0.09,1.12,-14.62,-17.53,4.13
0,0.08,1.09,-2.39,-7.54,9.51
0.02,0.12,1.09,-10.04,-10.14,3.16
0.01,0.12,1.07,1.52,-3.95,2.19
0.02,0.1,1.11,-8.5,-6.48,-1.7
0.02,0.1,1.08,2.87,-3.74,3.22
0.02,0.11,1.1,1.61,0.95,2.87
0.02,0.11,1.07,9.68,-0.39,1.68
0,0.12,1.08,8.96,4.66,1.48
0.01,0.11,1.07,0.07,-2.48,1.64
0,0.12,1.07,-2.23,-1.82,3.66
0.01,0.13,1.09,-5.08,-6.57,2.18
0.01,0.13,1.07,-1.28,-2.63,0.11
0.01,0.11,1.09,-3.65,-4.24,1.74
0,0.12,1.09,-3.43,-8.7,-0.26
0,0.12,1.08,-0.52,-3.01,1.21
0.01,0.11,1.08,-1.04,-4.19,-0.9
0.01,0.12,1.08,-1.43,-5.23,-0.97
0.02,0.12,1.08,-3.49,-1.83,-1.83
0,0.11,1.06,-1.6,-2.5,-2.16
-0.01,0.12,1.09,-4,-2.3,-2.77
-0.01,0.11,1.07,-0.24,-2.96,-1.97
0,0.11,1.09,-1.79,-1.63,-2.32
-0.01,0.11,1.09,-1.16,-0.45,-3.55
0,0.1,1.09,-1.13,-1.44,-0.61
-0.01,0.11,1.08,-0.48,-1.13,-0.97
-0.02,0.1,1.09,-1.56,-1.92,-0.05
-0.02,0.1,1.08,-1.55,-1.85,0.2
-0.01,0.11,1.07,-1.33,-1.71,0.64
-0.02,0.11,1.07,-2.2,-1.52,0.26
-0.03,0.1,1.1,-2.42,0.16,0.38
-0.02,0.11,1.09,0,-3.67,0.35
-0.65,-0.7,0.18,11.48,-14.53,26.55
-0.6,-0.69,0.2,7.87,-10.33,18.44
-0.63,-0.69,0.2,7.38,-1.38,11.26
-0.69,-0.66,0.25,8.12,-4.21,6.73
-0.73,-0.63,0.26,4.05,-38.08,22.26
-1.11,-0.53,0.42,-9.78,-74.12,26.95
-1.02,-0.53,0.49,-1.52,-119.91,82.9
-1.08,-0.52,0.65,-7.32,-155.4,122.75
-1.1,-0.54,0.85,38.46,-167.11,129.13
-1.07,-0.59,1.04,52.03,-192.92,145.29
-0.86,-0.47,0.94,82.29,-252.14,137.38
-0.37,-0.43,0.53,84.1,-252.14,112.72
-0.09,-0.25,0.31,64.58,-202.5,45.57
0.02,0.01,0.39,24.25,-90.69,6.1
0.09,0.1,0.65,21.19,2.39,22.9
0.08,0.12,0.93,5.42,-4.61,7.45
0.13,0.12,0.97,-19.95,-0.99,6.12
0.08,0.09,1.03,-18.55,13.47,7.84
0.12,0.1,1.09,-32.46,16.87,10.73
0.01,0.08,1.14,-30.16,12.23,1.11
0.1,0.02,1.23,-38.1,-6.39,-2.01
0.1,0,1.2,-9.41,-18.96,-11.78
0.12,-0.05,1.18,-2,-39.95,-26.26
0.07,0.02,1.1,27.47,24.37,-14.48
0.02,0.03,1.09,25.22,-9.54,-17.61
0.02,0.05,1.07,29.41,-0.34,-17.46
-0.01,0.07,1.13,13.64,-28.16,-21.94
0.02,0.11,1.06,21.69,-36.39,-19.89
-0.17,0.21,1.04,-99.37,-35.47,18.87
-0.01,-0.02,1.09,-4.38,-69.85,-7.91
0.1,0.11,1.06,-13.8,33.29,16.58
0.1,0.06,1.11,-8.05,2.5,5.39
0.07,0.06,1.12,0.52,3.31,8.46
0.07,0.06,1.1,7.82,2.85,7.43
0.09,0.06,1.08,4.06,3.49,8.47
0.05,0.08,1.09,4.81,2.29,2.71
0.06,0.07,1.09,0.97,0.41,3.97
0.06,0.1,1.03,-2.9,-15.02,2.86
0.07,0.08,1.08,4.54,-4.02,0.16
0.07,0.08,1.12,-1.78,-0.64,-2.28
0.07,0.08,1.11,4.86,-2.54,-0.39
0.05,0.09,1.08,12.66,7.9,5.41
0.06,0.11,1.1,3.25,9.42,1.63
0.05,0.11,1.07,0.47,0.88,0.85
0.04,0.11,1.06,-0.83,-0.44,1.25
0.05,0.1,1.06,-3.1,-6.72,-1.18
0.03,0.1,1.08,-1.37,-4.66,-0.12
0.01,0.12,1.07,-3.81,-5.84,-0.16
0.04,0.1,1.07,-2.26,-6.1,1.32
0.04,0.1,1.06,-2.09,-8.95,0.09
0.05,0.08,1.11,-4.78,-6.07,1.37
0.04,0.1,1.11,-1.54,-6.55,0.64
0.04,0.1,1.11,-2.43,-6.31,1.03
0.04,0.1,1.08,1.96,-1.4,4.34
0.06,0.1,1.08,0.47,-4.6,3.94
0.05,0.11,1.07,3.26,-0.65,5.16
0.05,0.11,1.07,-4.05,-4.52,2.02
0.05,0.12,1.09,-3.05,-0.35,2.68
0.05,0.11,1.09,-1.6,-6.08,2.46
0.04,0.11,1.09,10.78,-0.73,8.74
-0.59,-0.72,-0.03,0.93,2.81,-1.67
-0.6,-0.74,-0.02,0.71,-1.37,-4.39
-0.58,-0.74,-0.05,6.83,-0.04,-9.05
-0.61,-0.73,-0.05,-0.08,-3.56,-3.57
-0.61,-0.72,-0.05,7.35,2.79,1.01
-0.57,-0.75,-0.04,-6.97,-7.87,-4.13
-0.6,-0.72,-0.03,-6.23,-8.87,4.84
-0.62,-0.73,-0.01,-6.11,-16.17,-0.96
-0.8,-0.64,0,-9.35,-25.37,11.15
-0.92,-0.59,0.02,-3.55,-30.74,63.68
-0.84,-0.6,0.01,5.34,-27.64,81.04
-1,-0.52,0.12,-14.01,-60.37,95.98
-1.01,-0.55,0.22,-12.29,-87.69,112.55
-1.09,-0.48,0.29,18.53,-77.94,123.79
-1.08,-0.45,0.38,18.29,-128.27,120.4
-1.02,-0.41,0.48,26.03,-173.14,108.57
-1.02,-0.32,0.61,40.02,-187.19,105.97
-0.8,-0.27,0.6,34.16,-227.01,79.43
-0.54,-0.17,0.58,7.29,-252.14,42.36
-0.35,-0.05,0.48,45.77,-154.87,18
-0.24,0.03,0.65,34.8,-78.5,10.77
-0.22,0.12,0.71,14.05,-68.31,5.62
-0.15,0.12,0.86,-5.63,-23.98,3.39
-0.16,0.16,0.89,3.05,-5.06,2.89
-0.16,0.15,1.05,-19.94,-1.8,0.45
-0.14,0.16,1.12,-8.7,-18.66,-2.85
-0.13,0.17,1.25,-26.2,18.54,-7.45
-0.17,0.12,1.4,-18.6,-67.92,-0.33
-0.04,0.08,1.27,2.29,-71.13,-9.81
-0.07,0.13,0.96,18.77,-79.02,2.37
0.01,0.16,0.84,18.62,-40.14,-12.41
0,0.13,0.88,2.41,-27.48,4.06
0.03,0.11,1.07,-4.36,-21.92,3.42
0.07,0.17,0.91,17.9,2.47,-0.77
0.06,0.17,1.09,-26.22,-6.91,-1.18
0.08,0.14,1.11,1.06,-12.94,3.45
0.07,0.17,1.07,-10.48,-4.02,4.58
0.05,0.14,1.07,2.25,-2.83,-0.44
0.08,0.12,1.1,-4.52,-4.37,0.57
0.05,0.16,1.1,9.41,2.82,2.98
0.07,0.14,1.07,1.05,-0.72,0.66
0.07,0.15,1.05,3.03,0.47,1.68
0.06,0.13,1.08,-4.97,-1.92,-0.47
0.06,0.16,1.05,0.17,-0.15,0.84
0.04,0.13,1.11,-1.47,8.31,0.51
0.02,0.16,1.07,3.22,8.91,1.49
0.03,0.15,1.07,-1.96,-1.95,1.78
0.04,0.16,1.06,-2.85,-5.78,2.02
0.03,0.15,1.09,-2.71,-5.27,2.19
0.03,0.15,1.08,-5.49,-1.05,1.57
0.03,0.13,1.09,-4.93,5.66,3.89
0.01,0.14,1.08,-4.94,-0.93,0.68
0.03,0.14,1.08,1.25,-5.8,0.9
0.03,0.14,1.08,-2.3,-4.7,0.93
0.04,0.14,1.08,-0.68,-4.76,0.87
0.02,0.15,1.07,-1.44,-6.55,-0.1
0.04,0.14,1.07,-1.59,-8.08,-0.38
0.03,0.13,1.08,-0.32,-2.86,1.26
0.03,0.14,1.07,-2.49,-5.89,0.22
0.03,0.13,1.07,-2.53,-5.15,0.68
-0.64,-0.69,0.13,0,-2.05,0.1
-0.63,-0.7,0.14,-3.91,-1.06,-2.75
-0.64,-0.69,0.17,3.1,3.56,0.15
-0.67,-0.69,0.16,19.38,16.34,-1.49
-0.64,-0.69,0.15,23,17.5,4.28
-0.66,-0.68,0.12,12.12,4.87,1.51
-0.74,-0.65,0.19,1.21,-9.13,10.74
-0.92,-0.59,0.22,-4.58,-50.65,42.61
-1.05,-0.51,0.29,-11.39,-87.14,93.26
-1.01,-0.53,0.38,12,-47.03,114.55
-1.05,-0.45,0.4,7.76,-66.42,128.15
-1.01,-0.41,0.49,-12.64,-155.73,126.06
-1.1,-0.37,0.74,18.47,-166.73,133.07
-1.08,-0.32,0.96,43.28,-150.23,128.03
-0.68,-0.25,0.74,32.19,-252.14,107.76
-0.4,-0.16,0.33,38.87,-217.12,70.86
-0.18,-0.05,0.44,-11.34,-198.28,21.78
-0.12,-0.01,0.59,-18.98,-105.26,13.54
-0.07,0.02,0.81,-11.39,-46.82,11.31
-0.04,0.04,0.92,-22.19,-18.21,3.02
-0.01,0.05,0.99,-30.62,-15.02,4.11
0,0.04,1.08,-30.23,-2.64,10.52
0.06,-0.01,1.2,-36.59,-21.42,-3.21
0.07,-0.03,1.19,-52.5,-55.91,-8.6
0.15,-0.12,1.32,-19.52,-29.03,-28.62
0.16,-0.09,1.17,4.95,-2.26,-13.05
0.08,-0.09,1.2,13.24,-20.34,-15.75
0.06,-0.07,1.04,37.72,26.37,-1.52
0.07,-0.06,1.08,19.71,-20.88,-1.84
0.02,-0.04,1.09,35.07,11.06,2.77
0.03,0.02,0.96,25,-36.63,-2.17
0.02,0.23,0.66,14.53,124.69,22.5
0.06,0.07,0.96,-0.85,-13.56,-2.92
0.06,0.07,1.09,-1.55,0.4,2.85
0.05,0.06,1.11,-5.15,-5.46,3
0.06,0.06,1.1,-2.89,-2.74,3.37
0.04,0.1,1.09,2.93,-7.48,3.46
0.04,0.07,1.1,-0.43,0.12,3.17
0.03,0.08,1.09,0.92,4.76,3.31
0.03,0.08,1.06,0.73,-8.71,0.58
0.05,0.07,1.09,-3.65,-9.02,2.35
0.06,0.08,1.06,3.51,-4.26,3.38
0.04,0.08,1.08,-1.71,-3.86,1.38
0.04,0.08,1.08,-4.78,-10.05,0.37
0.06,0.08,1.08,-0.12,-6.64,1
0.06,0.08,1.1,-1.88,-8.02,-0.71
0.06,0.07,1.08,1.62,-6.31,0.86
0.06,0.08,1.08,0.01,-7.64,1.16
0.05,0.08,1.07,2.31,-3.99,1.93
0.07,0.08,1.07,-2.14,-4.09,0.83
0.06,0.07,1.08,-4.37,-8.01,0.31
0.06,0.09,1.09,-2.12,-2.74,1.06
0.06,0.08,1.08,-4.71,-8.53,0.61
0.06,0.08,1.08,1.71,-2.55,2
0.07,0.09,1.07,-3.33,-4.88,-0.44
0.07,0.07,1.09,-1.84,-3.89,1.39
0.07,0.07,1.09,-3.67,-6.97,-0.1
0.07,0.08,1.1,-0.2,-2.86,0.79
0.07,0.08,1.1,0.32,-3.1,-0.42
0.08,0.08,1.07,-0.09,-3.5,0.64
-0.76,-0.58,0.17,29.35,25.39,-18.37
-0.74,-0.61,0.14,9.93,8.96,-11.1
-0.71,-0.6,0.15,14.61,5.11,-12
-0.71,-0.61,0.15,12.21,3.79,-8.28
-0.72,-0.61,0.15,9.12,6.63,-11.76
-0.75,-0.58,0.17,-6.68,-4.07,-8.38
-0.92,-0.52,0.25,-12.93,-16.31,-3.22
-0.99,-0.47,0.31,-45.49,-103.81,39.1
-0.87,-0.53,0.35,-42.57,-128.11,43.2
-0.77,-0.53,0.35,5.22,-89.04,57.77
-0.89,-0.49,0.6,11.71,-100.64,79.14
-0.98,-0.46,0.75,14.61,-133.34,104.24
-0.92,-0.46,0.92,-33.99,-252.14,109.84
-0.82,-0.47,0.97,46.4,-198.76,80.01
-0.69,-0.45,1.01,13.92,-249.98,74.39
-0.44,-0.34,0.78,48.64,-194.88,29.05
-0.2,-0.28,0.71,36.69,-181.43,-1.28
-0.2,-0.15,0.39,38.56,-86.02,-2.18
-0.03,-0.04,0.63,40.82,-53.3,12.85
0.07,-0.04,0.76,13.51,-23.44,6.14
0.12,-0.06,0.91,5.22,4.4,-2.6
0.1,-0.02,0.99,-1.65,20.19,3.84
0.14,-0.03,1.08,-2.09,14.29,-6.97
0.18,-0.05,1.19,-19,-2.31,-8.58
0.16,-0.03,1.21,-3.49,2.63,-16.97
0.16,-0.04,1.29,4.44,-13.1,-18.5
0.12,-0.03,1.27,29.41,1.44,-14.52
0.02,-0.07,1.3,31.81,-9.9,-12.03
0.02,0.04,1.15,66.79,-26.63,-10.44
-0.05,0.19,0.77,55.17,-0.99,-7.29
0.08,0.16,1,1.6,6.75,8.59
-0.01,0.12,0.92,-13.13,-37.5,-1.59
0.05,0.11,1.07,-15,-11.54,6.77
0.07,0.1,1.13,-7.68,-17.09,-1.54
0.07,0.14,1.1,-7.5,-6.66,3.31
0.09,0.11,1.13,-8.7,-6.95,1.56
0.08,0.12,1.1,-0.3,-11.34,2.71
0.08,0.13,1.11,6.13,0.14,2.13
0.1,0.09,1.08,-4.81,-9.69,1.36
0.1,0.12,1.07,3.93,-2.31,2.91
0.11,0.12,1.07,-4.15,-5.44,0.67
0.1,0.1,1.09,-0.78,-1.76,-0.76
0.09,0.11,1.07,4.16,-0.99,0.32
0.09,0.11,1.09,-3.96,-3.08,-1.17
0.09,0.11,1.1,-3.63,-6.31,0.86
0.1,0.12,1.09,-1.3,-5.36,0.29
0.09,0.12,1.09,3.87,-2.51,-1.26
0.09,0.11,1.09,3.83,-1.74,-1.04
0.07,0.11,1.08,2.09,1.57,-0.76
0.07,0.13,1.07,8.23,5.4,-1.79
0.07,0.12,1.08,4.41,1.76,-0.42
0.06,0.14,1.07,5.53,0.77,-0.24
0.05,0.14,1.08,3.68,-0.97,-0.37
0.04,0.16,1.08,6.99,2.85,0.07
0.05,0.16,1.07,9.88,5.23,-0.41
0.05,0.16,1.07,6.34,2.6,0.83
0.02,0.19,1.07,5.33,2.85,-1.22
0.02,0.18,1.06,2.45,0.05,-1.97
-0.01,0.19,1.06,10.72,14.74,0.69
0,0.2,1.06,5.5,5.11,-1.65
-0.6,-0.74,0.16,6,9.43,-5.9
-0.61,-0.73,0.18,-7.86,-13.18,-1.45
-0.6,-0.72,0.19,-7.83,-14.61,3.68
-0.61,-0.73,0.2,3.47,-2.95,-1.34
-0.65,-0.69,0.18,2.01,-8.41,6.06
-0.64,-0.7,0.16,3.48,-7.53,17.64
-0.67,-0.69,0.18,-2.88,-16.6,18.48
-0.84,-0.63,0.25,-2.29,-16.2,37.78
-0.83,-0.64,0.25,2.51,-25.45,63.84
-1.03,-0.54,0.34,-17.22,-72.83,91.35
-0.99,-0.53,0.4,2.97,-83.32,114.41
-1.14,-0.47,0.55,-24.44,-149.11,129.26
-0.95,-0.47,0.69,41.84,-113.04,137.13
-0.87,-0.38,0.71,27.14,-172.81,129.84
-0.68,-0.35,0.69,3.01,-252.14,109.56
-0.55,-0.23,0.68,8.62,-251.9,74.76
-0.37,-0.18,0.57,21.71,-196.21,25.58
-0.17,-0.08,0.6,20.76,-106.36,14.44
-0.11,-0.05,0.72,14.15,-30.03,5.74
-0.08,-0.01,0.93,-0.94,-27.66,1.94
-0.06,0.04,0.96,-16.59,-6.11,5.25
-0.06,0.05,1.11,-36.19,-22.85,17.19
0.04,0,1.25,-27.47,-12.07,13.8
0.09,-0.1,1.4,-12.66,-19.37,-2.55
0.1,-0.17,1.48,35.41,-45.95,-34.2
0.03,0,1.11,46.92,-32.97,-30.66
0.03,0.08,1.01,43.38,-18.4,-19.3
0.01,0.14,0.86,19.16,-11.15,-13.13
0.07,0.1,0.91,22.71,-5.56,2.36
0.05,0.1,0.99,-2.68,-4.82,5.63
-0.03,0.35,0.46,-20.1,72.74,23
0.02,0.05,1.03,-7.18,-5.24,-0.19
0.02,0.07,1.08,-12.17,-27.52,-0.52
0.05,0.09,1.11,-6.16,-5.02,6.14
0.07,0.1,1.08,-6.33,-7.75,-1.05
0.08,0.08,1.1,-7.2,-11.37,4.62
0.08,0.09,1.11,3.25,2.25,6.74
0.06,0.09,1.09,1.12,-6.05,4.36
0.07,0.08,1.09,1.78,-2.4,6.64
0.07,0.09,1.1,1.29,-1.4,2.43
0.07,0.09,1.1,2.81,3.76,4.19
0.07,0.09,1.07,12.54,9.25,3.61
0.04,0.12,1.09,26.51,8.54,2.56
0.03,0.13,1.08,15.86,0.26,0.92
0.05,0.16,1.06,-4.01,8.06,-4.03
0.1,0.08,1.09,-17.33,-6.13,-9.23
0.03,0.15,1.09,-6.15,-0.72,-1.62
0.02,0.13,1.08,-2.48,-5.86,-4.8
0.02,0.13,1.07,0.47,0.11,-1.19
0.01,0.12,1.09,-0.71,-1.98,-0.02
0.01,0.13,1.08,1,-2.48,-0.36
0.02,0.13,1.07,-0.38,-2.18,0.34
0.01,0.14,1.07,2.89,2.56,3.97
0.01,0.15,1.09,-1.75,-5,3.17
0.01,0.15,1.08,-0.9,-7.95,2.4
0.03,0.14,1.07,3.47,-14.25,3.1
0.01,0.14,1.08,7.32,-4.61,2.32
0.05,0.15,1.12,3.56,-7.48,-8.59
0.02,0.2,1.03,-1.53,-13.1,-10.87
0.01,0.18,1.08,-8.78,4.67,-10.56
-0.74,-0.58,0.12,-9.1,-12.52,-5.58
-0.76,-0.57,0.14,-10.73,-9.33,-0.43
-0.74,-0.58,0.18,-10.55,-13.2,4.28
-0.69,-0.59,0.18,-3.73,-11.05,1.76
-0.74,-0.58,0.19,-4.52,-7.52,-3.46
-0.72,-0.59,0.19,-4.64,-9.5,2.48
-0.73,-0.57,0.18,-11.22,-12.57,2.49
-0.85,-0.5,0.24,-26.75,-35.63,11.38
-0.97,-0.43,0.29,-30.46,-54.1,40.07
-0.93,-0.45,0.34,-20.84,-71.06,69.9
-1.11,-0.27,0.46,-57.7,-148.86,89.87
-1.11,-0.34,0.69,-28,-165.16,112.48
-1.08,-0.31,0.8,35.79,-188.01,118.22
-0.86,-0.38,0.82,23,-214.84,103.81
-0.72,-0.37,0.88,15.64,-216.67,82.77
-0.45,-0.39,0.87,0.47,-252.14,58.77
-0.21,-0.32,0.95,-51.75,-252.14,35.9
-0.13,-0.28,0.86,67.8,-86.02,-14.13
-0.13,-0.01,0.55,74.6,-57.48,-16.84
0.03,0.04,0.63,28.6,-25.98,-7.52
0.03,0.05,0.74,3.52,-1.64,-1.44
0.08,0.04,0.92,-3.92,19.4,4.32
0.1,0.04,1.06,-13.19,12.81,2.03
0.12,0.02,1.16,-15.35,16.24,-5.54
0.11,0.06,1.21,-19.76,-8.98,-6.14
0.14,0.04,1.25,-13.32,-4,-6.05
0.15,0.05,1.22,-11.72,-3.66,-11.45
0.12,0.01,1.19,3.18,-14.91,-12.81
0.07,-0.01,1.16,24.38,2.77,-17.03
0.05,0.04,1.17,27.03,-3.06,-15.34
-0.01,0.01,1.12,37.64,3.4,-18.08
-0.02,0.07,1.06,26.21,-12.45,-8.91
-0.02,0.46,0.65,-60.03,152.27,14.08
0.07,0.08,0.96,6.9,-26.13,-5.84
0.01,0.09,1.03,-7.36,-9.82,14.62
0.06,0.09,1.14,-7.85,-3.16,4.81
0.03,0.1,1.08,4.51,-1.46,6.82
0.03,0.11,1.06,-5.28,-8.63,7.9
0.04,0.11,1.09,0.87,-1.76,9.56
0.05,0.1,1.13,-0.64,-2.39,8.21
0.05,0.13,1.08,5.33,2.77,2.91
0.06,0.11,1.09,-3.39,-7.99,-1.6
0.05,0.12,1.08,1.61,-4.02,-0.74
0.06,0.11,1.08,-1.91,-4.38,-2.01
0.05,0.13,1.06,1.19,-1.71,-0.56
0.06,0.11,1.11,-3.34,-6.89,-3.52
0.04,0.13,1.07,3.5,-3.6,-3.91
0.02,0.11,1.1,0.77,-0.4,-1.33
0.04,0.12,1.09,7.07,1.67,-1.48
0.03,0.12,1.08,2.68,0.1,-1.11
0.02,0.13,1.07,5.48,3.79,-0.06
0.03,0.13,1.07,0.21,0.96,-0.1
0.01,0.14,1.08,0.74,-1.73,0
0.02,0.13,1.08,-2.45,-3.66,-0.36
0.02,0.14,1.08,2.17,-3.9,0.37
0,0.14,1.08,2.79,-1.82,0.29
0.01,0.14,1.08,8.46,1.29,2.64
0.01,0.16,1.09,5.52,0.47,0.31
0.01,0.15,1.07,5.77,1.8,3.32
0.03,0.16,1.06,1.64,-3.71,3.02
-0.65,-0.7,0.11,-9.25,-15.69,-2.34
-0.65,-0.69,0.13,-5.81,-15.98,-1.65
-0.63,-0.7,0.13,-3.56,-12.56,-1.73
-0.64,-0.71,0.13,3.66,-5.18,0.62
-0.65,-0.7,0.13,5.58,-5.24,1.6
-0.62,-0.7,0.13,0.07,-11.09,1.67
-0.7,-0.67,0.14,14.87,1.49,-14.32
-0.84,-0.6,0.17,-0.23,1.34,15.9
-0.88,-0.57,0.21,-19.16,-53.77,51.76
-0.88,-0.54,0.25,-33.75,-94.11,71.97
-0.91,-0.5,0.36,-20.17,-88.15,87.01
-0.97,-0.49,0.44,-14.65,-99.18,107.24
-0.9,-0.47,0.48,23.38,-124.47,111.85
-0.89,-0.43,0.61,10.45,-148.69,96.2
-0.86,-0.34,0.73,27.35,-155.79,88.48
-0.74,-0.3,1.03,13.66,-204.97,73.17
-0.62,-0.26,1.01,26.67,-228.03,49.74
-0.4,-0.27,1.11,12.72,-252.14,18.94
-0.16,-0.2,0.89,76.87,-179.99,-30.66
-0.07,-0.04,0.62,85.17,-79.98,-28.33
-0.08,0.05,0.54,52,-33.34,-10.16
0.04,0.1,0.72,25.95,11.93,1.89
0.06,0.12,0.9,-7.93,3.05,9.32
0.08,0.14,0.96,-14.27,11.11,11.03
0.11,0.16,1.13,-43.83,3.05,20.38
0.15,0.11,1.23,-30.75,-5.04,13.75
0.2,0.07,1.3,-32.15,-31.24,1.35
0.16,0.08,1.23,3.64,-22.02,1.2
0.18,0.07,1.15,7.4,-31.94,-14.56
0.16,0.04,1.12,29.6,-11.76,-10.53
0.08,0.09,1.05,22.96,0.37,-5.62
0.11,0.09,0.97,14.72,-0.05,-2.77
0.14,0.08,0.98,22.24,1.69,-0.61
0.08,0.14,0.69,-30.1,39.6,19.88
0.05,0.1,0.96,1.96,-4.24,4.16
0.08,0.15,1.04,-4.83,5.66,7.29
0.1,0.13,1.11,-4.86,1.83,3.06
0.07,0.15,1.08,-1.42,0.63,5.07
0.1,0.14,1.14,0.95,16.69,2.64
0.03,0.13,1.08,-2.4,6.79,-0.49
0.05,0.13,1.07,-2.48,5.08,1.53
0.04,0.13,1.09,-5.16,-0.74,0.62
0.05,0.14,1.09,-5.13,-2.53,0.35
0.04,0.15,1.08,-2.71,-0.47,1.56
0.04,0.12,1.06,-0.01,-2.32,1.92
0.04,0.13,1.09,-2.68,-2.64,1.34
0.04,0.12,1.07,-3,-8.16,0.34
0.03,0.15,1.08,3.85,-0.88,2.43
0.04,0.13,1.09,-2.55,-4.2,0.67
0.03,0.13,1.1,3.54,-2.56,2.15
0.03,0.15,1.07,0.07,-0.2,1.55
0.04,0.14,1.07,0.81,-2.96,0.6
0.02,0.16,1.08,1.45,1.36,1.61
0.04,0.14,1.07,-2.71,-2.92,0.51
0.02,0.15,1.07,3.01,-1.02,1.9
0.03,0.16,1.09,0.25,-2.48,2.21
0.02,0.16,1.07,1.8,-2.82,1.94
0.03,0.15,1.08,-1.33,-3.52,1.02
0.02,0.16,1.08,-0.83,-2.7,1.03
0.02,0.16,1.07,-0.12,-3,0.79
-0.55,-0.73,0.34,-0.87,1.23,2.13
-0.56,-0.73,0.33,-3.12,-7.4,4.35
-0.53,-0.75,0.32,-7,-7.17,2.88
-0.56,-0.73,0.33,0.06,1.45,1.06
-0.57,-0.73,0.33,2.02,10.58,0.73
-0.55,-0.74,0.32,3.89,8.47,-0.22
-0.56,-0.72,0.3,-0.94,-0.61,-2.54
-0.58,-0.67,0.27,-4.89,6.81,-5.82
-0.57,-0.71,0.33,1.84,0.4,1.79
-0.65,-0.68,0.34,11.86,6.91,7.64
-0.78,-0.61,0.43,14,-6.89,22.4
-0.89,-0.58,0.46,12.18,-40.95,56.48
-0.91,-0.59,0.5,24.46,-31.24,79.88
-1.02,-0.58,0.7,3.41,-82.96,118.66
-0.96,-0.56,0.79,30.63,-142.3,139.96
-0.81,-0.52,0.8,89.51,-128.86,130.23
-0.77,-0.42,0.83,69.3,-148.31,124.09
-0.69,-0.33,0.92,58.57,-188.78,109.51
-0.46,-0.29,0.74,58.23,-244.37,77.91
-0.28,-0.15,0.65,51.9,-172.06,52.42
-0.1,-0.05,0.5,48.19,-81.79,8.37
-0.07,0.05,0.6,11.15,-17.29,7.13
-0.04,0.13,0.86,-23.19,-21.92,6.61
-0.02,0.14,0.95,-31.65,-9.11,4.94
0,0.15,1.13,-40.07,-6.2,12.92
0.05,0.1,1.26,-41.11,-14.76,7.47
0.05,0.08,1.29,-21.02,-28.07,1.84
0.09,0.04,1.27,-13.8,-30.04,-2.99
0.1,0,1.21,6.48,-32.07,-2.78
0.06,0.01,1.13,23.79,-18.38,-16.84
0.1,0.02,1.09,35.21,-42.43,-9.65
0.02,0.08,1.03,42.08,-1.56,-3.86
0.12,0.13,0.95,36.62,-35.42,-5.12
-0.16,0.22,0.62,-15.01,55.22,35.21
0.02,0.17,0.93,1.54,-2.28,-11.1
0.08,0.18,1.01,-16.14,-1.21,1.84
0.06,0.17,1.12,-8.72,-5.5,-1.21
0.07,0.18,1.11,-10.03,-10.86,1.07
0.08,0.16,1.1,-4.88,-9.29,4.32
0.07,0.16,1.09,-2.53,-6.92,3.29
0.08,0.16,1.08,-2.28,-5.85,2.04
0.08,0.15,1.07,0.38,-2.62,3.96
0.08,0.15,1.08,-5.69,-6.18,-0.28
0.07,0.15,1.1,-5.29,-2.96,-2.16
0.09,0.16,1.05,0.05,-4.9,-2.85
0.09,0.16,1.06,-3.22,-1.66,1.22
0.1,0.14,1.08,-6.35,-5.63,0.17
0.09,0.14,1.1,-0.41,-3.2,2.9
0.08,0.15,1.1,-1.91,-3.24,4.19
0.09,0.15,1.07,-4.28,-7.63,3
0.09,0.14,1.08,-0.55,-5.79,4.86
0.09,0.14,1.09,0.6,-1.6,2.34
0.08,0.14,1.07,-2.74,-2.28,2.27
0.08,0.14,1.08,-1.92,-0.52,2.83
0.08,0.15,1.07,-1.67,-2.29,2.39
0.08,0.16,1.09,-3.17,-0.95,3.77
0.07,0.15,1.08,-0.18,-1.4,1.76
0.08,0.13,1.09,0.11,-2.08,2
0.07,0.14,1.09,1.41,1.24,1.87
0.07,0.13,1.06,-0.26,-3.02,2.02
-0.61,-0.72,0.21,-2.91,0.65,-3.13
-0.62,-0.72,0.21,4.12,1.69,-3.27
-0.62,-0.71,0.21,1.25,-3.57,-2.53
-0.6,-0.71,0.21,-4.85,-5.98,-1.87
-0.63,-0.71,0.22,-5.13,-8.8,-7.53
-0.62,-0.71,0.22,-3.52,-13.83,-3.95
-0.66,-0.68,0.23,-3.73,-3.36,-1.23
-0.7,-0.66,0.27,-1.86,-10.36,6.96
-0.81,-0.6,0.33,-1.04,-36.88,30.97
-0.8,-0.62,0.39,-2.04,-67.2,43.55
-0.93,-0.58,0.49,17.06,-60.79,60.35
-0.93,-0.61,0.61,32.47,-89.84,89.24
-0.95,-0.6,0.68,21.7,-145.42,118.89
-0.83,-0.56,0.78,55.38,-155.87,105.22
-0.79,-0.49,0.81,63.08,-186.87,99.45
-0.67,-0.45,0.88,57.68,-188.17,73.06
-0.45,-0.39,0.94,56.29,-202.34,45.46
-0.27,-0.32,0.93,51.85,-193.38,20.03
-0.1,-0.2,0.75,58.39,-145.58,2.64
-0.03,-0.03,0.59,80.58,-62.44,-20.48
0,0.1,0.62,18.28,-50.5,-13.88
0.02,0.12,0.8,-8.79,-11.91,3.61
0.12,0.1,0.93,-23.06,-15.88,3.42
0.1,0.1,0.96,-7.93,16.17,12.77
0.12,0.07,1.09,-36.65,9.82,10.45
0.12,-0.06,1.18,-44.1,-18.34,6.29
0.2,0.02,1.12,-29.33,16.85,12.79
0.15,-0.03,1.26,-34.32,10.95,9.03
0.15,-0.1,1.33,-18.19,-28.01,-17.2
0.19,-0.09,1.25,23.07,-15.56,-13.83
0.1,-0.03,1.13,46.43,6.17,-23
0.03,0.01,1.03,44.59,-14.91,-17.78
0.03,0.03,0.91,38.45,-8.24,-9.52
0.02,0.06,0.98,27.44,8.74,-2.96
0.12,0.09,0.92,5.87,11.07,-2.94
0.05,0.12,1.03,4.81,22.37,6.45
0.08,0.13,1.08,-9.06,8.27,2.87
0.07,0.12,1.07,-4.38,-4.89,1.19
0.06,0.12,1.13,-1.57,2.21,2.87
0.08,0.12,1.08,1.83,-5,7.52
0.06,0.13,1.09,-5.13,-12.16,4.14
0.08,0.11,1.07,-4.03,-7.46,4.58
0.09,0.1,1.08,0.35,-0.68,2.27
0.08,0.12,1.06,2.45,4.59,1.01
0.07,0.09,1.09,-1.59,1.71,2.09
0.07,0.11,1.08,-0.07,-2.64,3.35
0.07,0.12,1.08,-8.51,-15.16,-0.65
0.08,0.1,1.1,-1,-7.56,1.19
0.05,0.12,1.09,-1.05,-3.78,0.29
0.08,0.09,1.09,-3.2,-11.15,-1.9
0.08,0.1,1.08,-0.44,0.38,-0.22
0.07,0.11,1.08,-2.76,-4.46,0.45
0.08,0.11,1.09,-1.29,0.01,2.24
0.07,0.11,1.09,-0.7,2.45,2.32
0.05,0.1,1.08,-1.14,1.22,4.13
0.06,0.09,1.07,0.1,3.11,3.36
0.07,0.09,1.08,2.9,-2.76,4.02
0.05,0.11,1.08,-1.17,0.17,1.67
0.07,0.09,1.08,-0.78,-3.42,2.37
0.05,0.11,1.09,-1,0.45,1.59
-0.59,-0.74,0.16,2.1,2.12,-2.62
-0.6,-0.73,0.17,-2.48,-3.24,0.02
-0.59,-0.74,0.16,1.69,-3.46,0.68
-0.6,-0.73,0.16,1.87,0.4,-0.9
-0.6,-0.74,0.16,-2.34,-6.64,1.49
-0.62,-0.73,0.16,-1.59,-4.33,2.87
-0.66,-0.71,0.18,-2.79,-2.03,8.89
-0.73,-0.67,0.22,3.58,4.76,16.54
-0.84,-0.62,0.24,-3.15,-28.34,34.93
-0.94,-0.62,0.32,-9.46,-67.41,52.39
-0.98,-0.6,0.35,-0.11,-84.44,91.13
-0.94,-0.59,0.46,-2.93,-132.86,120.25
-0.9,-0.54,0.56,10.11,-167.22,116.25
-0.82,-0.47,0.68,23.85,-163.24,106.1
-0.79,-0.42,0.81,70.36,-121.5,86.61
-0.72,-0.39,0.89,83.6,-134.31,74.13
-0.66,-0.28,0.91,68.74,-176.22,62.48
-0.45,-0.21,0.81,57.49,-214.6,47.48
-0.22,-0.1,0.66,50.88,-164.26,6.35
-0.13,0.04,0.51,47.54,-77.63,8.88
-0.04,0.09,0.66,13.62,-32.21,5.07
-0.03,0.11,0.83,-0.15,-6.14,8.9
-0.01,0.12,0.98,-21.3,4.08,7.28
0,0.11,1.1,-29.22,-7.77,1.2
0.05,0.1,1.22,-49.05,-30.95,2.61
0.07,0.04,1.37,-49.88,-42.99,-7.88
0.1,-0.03,1.45,5.1,-7.53,-26.9
0.04,0.11,1.07,39.58,3.37,-20.66
-0.02,0.11,1,43.18,-4.43,-10.2
-0.04,0.11,0.95,28.03,-13.15,-6.42
-0.04,0.19,0.51,28.7,77.27,-2.51
0.02,0.06,1.02,12.18,-28.54,5.1
-0.01,0.12,1.09,-6.33,0.85,4.75
0,0.14,1.04,-5.49,-0.21,2.68
0.01,0.14,1.06,-2,-9.27,-1.89
-0.01,0.15,1.08,-2.23,-0.37,2.94
0,0.14,1.07,-4.39,-7.85,4.15
0,0.14,1.07,-2.13,-4.19,4.4
0,0.16,1.06,-0.18,-0.99,3.61
0.02,0.12,1.11,-4.46,-3.1,2.27
0,0.15,1.08,1.32,-0.21,5.09
-0.01,0.12,1.09,-0.59,2.23,6.17
0.01,0.16,1.05,3.6,1.85,9.9
0.02,0.16,1.04,-3.82,-1.99,6.45
0.01,0.13,1.06,-12.15,0.45,9.48
-0.02,0.11,1.09,-10.76,-5.52,8.23
-0.03,0.12,1.1,-9.29,-4.85,10.17
0,0.11,1.1,-1.88,-6.92,6.45
0.01,0.17,1.12,-5.96,-3.29,5.13
0.02,0.12,1.08,-1.36,-3.87,6.42
0.01,0.1,1.1,1.14,-4.9,6.34
0.01,0.11,1.08,0.25,-4.16,7.71
0.03,0.12,1.06,1.83,-2.95,7.46
0.01,0.12,1.07,-3.24,-3.01,2.26
0,0.11,1.08,0.41,4.07,6.03
0.01,0.1,1.09,-0.42,-6.59,4.64
0,0.14,1.03,3.93,-11.98,6.55
0.04,0.13,1.12,-0.98,-10.24,-0.63
0.04,0.18,1.04,-11.41,1.24,-1.41
-0.01,0.12,1.13,4.96,-8.78,-13.04
