8.93555E+11,0.043945313,0.254150391,3.122137308,-1.366412163,-2.969465733
-0.919677734,0.059082031,0.243896484,-0.1832061,-5.564885616,-3.854961872
-0.8984375,0.073242188,0.250244141,-0.625954199,-2.129770994,-6.251908302
-0.900146484,0.071044922,0.24609375,1.793893099,-3.404580116,-4.358778477
-0.908447266,0.079589844,0.265136719,4.244274616,0.526717567,-0.778625965
-0.904785156,0.068847656,0.259765625,1.519083977,-1.679389381,-1.954198456
-0.892333984,0.079345703,0.254882813,3.251908302,-1.236641169,0.206106877
-0.912353516,0.066894531,0.257324219,-1.770992374,-1.755725145,2.122137308
-0.901855469,0.057373047,0.254882813,0.435114479,-1.709923649,0.076335878
-0.911376953,0.066162109,0.256835938,-0.213740444,0.213740444,-0.778625965
-0.905761719,0.052978516,0.264648438,-1.725190878,-3.206106901,-2.038167953
-0.9140625,0.069091797,0.237304688,-6.870229244,-3.839694786,-4.053435326
-0.897460938,0.084960938,0.240478516,-3.961832047,-1.740458012,-5.267175674
-0.890380859,0.078369141,0.245605469,-6.11450386,-2.015267134,-3.618320704
-0.888916016,0.086669922,0.245361328,-6.480916023,1,-0.992366409
-0.908691406,0.069091797,0.255126953,-6.206106663,1.404580116,0.519083977
-0.904296875,0.076171875,0.242919922,-8.541984558,2.793893099,2.732824326
-0.918701172,0.060302734,0.245605469,-8.015267372,1.427480936,3.274809122
-0.927978516,0.047119141,0.249267578,-13.16030502,0.099236641,0.206106877
-0.909667969,0.046142578,0.238037109,-14.56488514,-2.984732819,-2.282442808
-0.897949219,0.060546875,0.233642578,-12.96183205,-2.351145029,-0.129770994
-0.917480469,0.044921875,0.239746094,-9.282443047,-3.213740349,-0.63358779
-0.912353516,0.047607422,0.243896484,-11.5725193,-4.099236488,-1.694656467
-0.904785156,0.041015625,0.235595703,-9.007633209,-3.435114622,-1.404580116
-0.916015625,0.050292969,0.256835938,-11.75572491,-4.061068535,-3.389312983
-0.909179688,0.069580078,0.263183594,-18.88549614,-6.190839767,-3.374045849
-0.879882813,0.064941406,0.252197266,-26.09923744,-5.778625965,-3.290076256
-0.843261719,0.073730469,0.273193359,-22.25190926,-5.297709942,-2.862595367
-0.886962891,0.095458984,0.250244141,-27.45801544,-5.358778477,4.206106663
-0.922119141,0.079345703,0.239257813,-29.25954247,4.251908302,9.564885139
-0.91015625,0.057617188,0.25,-30.58778572,8.175572395,5.923664093
-0.86328125,0.070068359,0.247070313,-30.51908302,12.1450386,9.183206558
-0.831542969,0.062255859,0.273193359,-34.1374054,18.92366409,12.68702316
-0.850097656,0.029541016,0.288818359,-29.59541893,20.35114479,20.19847298
-0.958007813,0.038574219,0.260253906,-25.41984749,20.7862587,18.51144981
-0.992431641,0.035644531,0.303710938,-7.679389477,24.23664093,24.68702316
-0.898681641,-0.04296875,0.293457031,-33.05343628,12.30534363,8.068702698
-0.953125,-0.029052734,0.226318359,-11.52671719,-3.259541988,-6.1603055
-1.037109375,0.032470703,0.203125,2.450381756,-9.099236488,-9.44274807
-1.031738281,0.03515625,0.18359375,-18.55725098,-18.48855019,-31.25954247
-1.004882813,0.033935547,0.169189453,-3.587786198,-21.89312935,-36.64122009
-0.896240234,-0.007568359,0.098144531,9.748091698,-14.320611,-25.68702316
-0.942871094,0.086425781,0.138671875,-6.190839767,-24.01526642,-34.19083786
-0.848144531,0.084228516,0.109375,-26.0687027,-18.37404633,-22.09160233
-0.834472656,0.034667969,0.113769531,-24.93893051,-0.427480888,-4.145038128
-0.835449219,0.022705078,0.149169922,-3.946564865,3.450381756,16.4961834
-0.854980469,0.022216797,0.166015625,-9.954198837,11.8244276,30.90839767
-0.950683594,0.039306641,0.217041016,-15.320611,13.1755724,40.25190735
-1.003662109,0.031005859,0.244384766,-29.29007721,10.9312973,36.93893051
-1.118896484,0.077880859,0.232421875,-49.47328186,-0.908396912,29.25190926
-0.940429688,0.028808594,0.200195313,-77.7022934,-0.290076351,8.068702698
-0.849609375,0.017578125,0.265869141,-67.1374054,-3.809160233,-3.541984797
-0.776123047,0.030761719,0.242675781,-25.87022972,-23.15267181,6.04580164
-0.830322266,0.064941406,0.1796875,-39.60305405,-7.480916023,4.083969593
-0.92578125,0.032470703,0.160400391,-32.27481079,8.87786293,11.43511486
-0.856445313,0.012939453,0.255615234,-10.35877895,32.74809265,5.404580116
-0.836181641,0.075439453,0.338623047,20.46564865,20.67175484,8.610687256
-0.888183594,0.106933594,0.340820313,10.71755695,14.19083977,13.89312935
-0.933105469,0.05078125,0.338134766,-2.007633686,9.770992279,8.465648651
-0.87109375,-0.013671875,0.315429688,18.06106949,5.496183395,-12.39694691
-0.938232422,0.077148438,0.324707031,37.81679535,0.801526737,-17.16793823
-1.151123047,0.148681641,0.263183594,10.51908398,-15.43511486,-14.11450386
-0.925537109,0.010742188,0.256103516,-11.11450386,-24.09160233,-24.67938995
-0.877929688,0.010498047,0.176269531,-4.259541988,-35.1374054,-54.00763321
-0.972167969,0.095458984,0.139892578,36.45038223,-40.16793823,-29.59541893
-0.908691406,0.086181641,0.150390625,-2.290076256,-21.93893051,-24.89312935
-0.891845703,0.026855469,0.111083984,-0.885496235,-20.01526642,-34.19083786
-0.895019531,0.090332031,0.101806641,21.96183205,-21.4274807,-15.86259556
-0.840820313,0.095703125,0.122314453,-13.31297684,-5.458015442,0.114503813
-0.833007813,0.023925781,0.099609375,-26.5038166,13.26717567,12.46564865
-0.873535156,0.015625,0.101806641,-5.610687256,22.22137451,32.82442856
-0.915527344,0.036376953,0.206787109,4.671755791,34.65649033,46.05343628
-1.040771484,0.075439453,0.288085938,1,30.75572586,50.25190735
-1.148925781,0.07421875,0.277099609,-26.47328186,13.55725193,45.40457916
-1.024414063,0.000488281,0.304199219,-44.8549614,15.73282433,22.09923744
-0.897949219,-0.021728516,0.344238281,-20.98473358,6.664122105,5.068702221
-0.896972656,0.041503906,0.310302734,7.992366314,-30.33587837,9.221374512
-0.900634766,0.044921875,0.255126953,-9.312976837,-27.641222,2.687022924
-0.948974609,-0.018310547,0.168212891,-0.885496235,-31.25954247,-15.76335907
-0.879638672,0.038818359,0.173828125,14.37404537,-25.12213707,-28.9312973
-0.847412109,0.041259766,0.232666016,26.12213707,-16.4274807,-33.96183395
-0.854980469,0.088378906,0.262939453,27.70228958,-18.64885521,-32.32061005
-0.891113281,0.140869141,0.26171875,33.45038223,4.213740349,-36.31297684
-0.791992188,0.122070313,0.294433594,47.25954056,-2.53435111,-25.51908302
-0.770751953,0.130615234,0.328369141,29.80152702,-1.793893099,-22.90076256
-0.827636719,0.032226563,0.311523438,76.34351349,8.832060814,-9.839694977
-1.052734375,0.135009766,0.3046875,83.99236298,3.938931274,-3.938931274
-0.932373047,0.014160156,0.302001953,74,8.526717186,-2.664122105
-0.767822266,0.00390625,0.231445313,62.25190735,10.83969498,-23.9312973
-0.840576172,0.007324219,0.180664063,64.38167572,13.06106853,-15.36641216
-1.035644531,0.064208984,0.186767578,63.90076447,14.70992374,8.198472977
-0.963623047,-0.005615234,0.194335938,47.18320465,10.22900772,15.07633591
-0.969238281,-0.020263672,0.189453125,35.06106949,4.511450291,7.022900581
-0.938232422,-0.037109375,0.165283203,15.20610714,-1.709923649,-9.358778954
-0.955078125,0.02734375,0.130859375,5.251908302,1.06870234,-19.54198456
-0.903808594,0.011962891,0.101074219,14.30534363,6.04580164,-3.88549614
-0.894287109,0.014648438,0.174804688,5.541984558,24.29007721,7.893129826
-0.937255859,0.030761719,0.236328125,7.923664093,18.9312973,19.98473358
-1.008789063,0.023925781,0.215332031,12.4274807,8.007633209,18.1374054
-1.240234375,0.103271484,0.214599609,8.068702698,-0.541984749,22.17557335
-0.966552734,-0.074951172,0.184082031,5.862595558,3.175572634,19.76335907
-0.941894531,-0.061035156,0.242919922,39.45801544,-18.46564865,-13.92366409
-0.80078125,0.061767578,0.268554688,74.17557526,-70.76335907,-1.641221428
-0.814453125,0.091552734,0.134033203,43.09160233,-51.76335907,-5.900763512
-0.936279297,-0.033691406,0.111328125,47.50381851,-26.94656563,3.190839767
-0.96484375,-0.055664063,0.1484375,100.5496216,-21.16793823,-3.618320704
-0.913818359,0.066162109,0.162841797,85.23664093,-30,-35.09923553
-0.869384766,0.0546875,0.161132813,48.45038223,-11.77099228,-51.717556
-0.824462891,0.03125,0.149414063,56.56488419,-11.31297684,-49.65649033
-0.781494141,0.060302734,0.169921875,67.83206177,-6.465648651,-49.83969498
-0.744384766,0.053955078,0.184814453,76.5038147,1.297709942,-49.60305405
-0.8671875,0.113525391,0.24609375,83.51145172,13.33587742,-40.38931274
-1.269042969,0.191894531,0.299804688,181.0763397,-32.74809265,2.717557192
-0.954589844,0.412353516,0.521728516,27.83206177,50.26717377,-20.16793823
-0.755859375,0.043212891,0.266845703,-94.09160614,11.76335907,-43.18320465
-0.811279297,-0.081542969,0.111083984,-5.55725193,-30.99236679,-19.53435135
-1.023925781,0.068603516,0.103759766,44.41984558,-21.24427414,20.61068726
-1.013671875,-0.003662109,0.1484375,-14.88549614,12.81679344,44.9312973
-0.869628906,-0.155761719,0.098144531,-43.0687027,17.48091698,13.28244305
-0.819335938,-0.141357422,0.073486328,-36.94656372,32.25190735,-8.916030884
-0.887207031,-0.107666016,0.109130859,18.88549614,32.87786102,2.076335907
-0.931396484,-0.051513672,0.196533203,49.74809265,25.51908302,14.53435135
-0.949707031,-0.030761719,0.233398438,7.763358593,28.40458107,4.091603279
-0.986083984,0.012939453,0.364746094,10.46564865,24.95419884,1.931297684
-1.352294922,-0.014160156,0.155029297,-203.7938995,-30.98473358,-5.534351349
-1.077636719,-0.174072266,0.126953125,-3.816793919,-35.3511467,3.366412163
-0.679443359,-0.030761719,0.273681641,38.29771042,-38.22137451,-34.74045944
-0.802490234,0.150390625,0.141845703,-31.66412163,-80.07633209,-51.45801544
-0.832275391,0.2265625,0.096679688,-85.67938995,-59.07633591,4.786259651
-1.011474609,0.127197266,0.055419922,-142.3893127,-24.29007721,24.4961834
-0.949951172,-0.018066406,0.084716797,-120.4732819,-5.015267372,17.62595367
-0.868164063,-0.033691406,0.213623047,-77.6335907,-32.03053284,-1.526717567
-0.704101563,0.103515625,0.294433594,-74.12976837,-16.90076256,-0.961832047
-0.675537109,0.069824219,0.284423828,-84.88549805,22.60305405,40.54961777
-0.755859375,0.060546875,0.223144531,-66.83206177,19.56488609,57.2137413
-1.237792969,0.140869141,0.134765625,-75.72518921,32.95419693,81.96946716
-1.046875,-0.1328125,0.210449219,-31.03053474,59.36641312,105.114502
-0.923583984,-0.163574219,0.265625,-12.320611,26.20610619,17.59541893
-1.089355469,-0.026123047,0.206298828,11.25954151,-26.77862549,4.648854733
-0.994140625,0.017822266,0.147949219,-33.26717377,-17.23664093,-13.97709942
-0.928955078,-0.050537109,0.138916016,-24.46564865,1.328244328,-35
-0.882324219,0.011962891,0.147216797,-6.618320465,-21.40458107,-39.82442856
-1.019042969,0.126464844,0.147216797,-16.9312973,-22.06106949,-27.87786293
-0.984863281,0.069091797,0.128173828,-53.22900772,-14.02290058,-9.88549614
-0.859619141,0.020996094,0.135009766,-55.36641312,-3.41984725,-38.67938995
-0.867431641,0.117675781,0.232421875,-14.48854923,-3.55725193,-28.24427414
-0.855957031,0.21875,0.326171875,-20.1374054,-2.076335907,6.229007721
-0.997070313,0.242675781,0.300537109,-77.564888,-2.58015275,33.87022781
-0.941894531,0.080078125,0.186035156,-102.7099228,-0.809160328,56.26717377
-0.873535156,0.014648438,0.254150391,-82.58015442,8.519083977,45.84732819
-0.98046875,-0.024169922,0.236083984,-67.64122009,-30.96183205,41.54198456
-0.947509766,-0.013427734,0.206787109,-59.98473358,-29.26717567,42.282444
-0.936523438,-0.010253906,0.248046875,-72.19084167,-18.67938995,10.12213707
-0.832519531,-0.032226563,0.272460938,-59.75572586,-20.77099228,5.458015442
-0.747558594,0.004394531,0.277099609,-27.40458107,10.00763321,1.595419884
-0.776855469,0.007080078,0.326416016,-21.65648842,47.74809265,-4.763358593
-0.778320313,-0.000732422,0.333251953,-10.13740444,49.77099228,-16.36641312
-0.793945313,0.054931641,0.381347656,-1.374045849,16.70228958,-4.770992279
-0.995117188,0.131347656,0.346923828,17.48855019,18.03053474,17.03053474
-1.056152344,0.120849609,0.340332031,-25.60305405,28.38931274,28.11450386
-1.106933594,0.016845703,0.287109375,-22.38931274,22.17557335,13.65648842
-0.916503906,-0.056152344,0.360351563,30.96946526,10.25954151,0.35877862
-0.926757813,0.022949219,0.299316406,1.984732819,-30.74809074,-33.65649033
-1.074951172,0.067382813,0.120361328,12.22900772,-69.30534363,-24.72519112
-0.968994141,0.053955078,0.109130859,20.28244209,-36.39694595,-3.793893099
-0.854980469,-0.021240234,0.121582031,-5.198473454,-13.23664093,-18.5038166
-0.831054688,0.015869141,0.141601563,10.81679344,-10.83969498,-24.20610619
-0.812011719,0.056396484,0.186523438,1.152671814,-2.488549709,-23.9312973
-0.822509766,0.091796875,0.239990234,-6.801526546,0.427480888,-16.45801544
-0.91015625,0.134521484,0.272216797,-20.03053474,2.549618244,-0.992366409
-1.007324219,0.166259766,0.265380859,-48.36641312,-2.412213802,14.86259556
-1.013183594,0.129882813,0.210205078,-63,-0.526717567,26.34351158
-0.96875,-0.002197266,0.212890625,-56.61832047,10.26717567,41.19083786
-0.728027344,-0.059570313,0.290283203,-63.96946716,14.70992374,9.778625488
-0.947265625,0.059570313,0.225830078,-50.23664093,-18.4961834,-8.022900581
-1.009277344,0.094970703,0.099609375,-72.38167572,-29.0687027,13.09923649
-0.819335938,-0.045654297,0.200683594,-47.40457916,43.82442856,-0.083969469
-0.803710938,-0.010253906,0.318115234,3.564885378,34.41984558,-2.427480936
-0.835449219,0.090332031,0.276123047,-15.27480888,-6.534351349,16.03816795
-0.832519531,-0.002441406,0.241455078,-24.59541893,21.33587837,20.28244209
-0.835449219,-0.0234375,0.286376953,1.343511462,27.41221428,22.11450386
-0.938964844,0.022216797,0.27734375,7.488549709,18.05343437,27.67175484
-1.041748047,-0.003173828,0.262695313,4.870229244,20.34351158,16.77862549
-1.291503906,0.029541016,0.1875,3.106870174,8.709923744,5.664122105
-0.924316406,-0.102539063,0.265380859,34.96183395,2.038167953,1.580152607
-0.823242188,-0.056396484,0.275390625,24.33587837,-21.03053474,-60.26717377
-1.089355469,0.111328125,0.162597656,41.60305405,-59.70992279,-52.24427414
-1.151123047,0.1328125,0.093505859,13.7480917,-54.75572586,-14.36641216
-0.954345703,0.000244141,0.121826172,22.80152702,-30.07633591,-21.12213707
-0.815185547,0.015625,0.156738281,-3.335877895,-30.77099228,-48.81679535
-0.74609375,0.053710938,0.140625,-1.572519064,-32.92366409,-53.8625946
-0.690673828,0.110351563,0.146972656,-12.8549614,-27.68702316,-24.25190926
-0.799316406,0.140869141,0.189697266,-32.19847488,-5.755725384,13.80152702
-1.006103516,0.130859375,0.174560547,-55.00763321,3.725190878,53.19083786
-1.197998047,0.149658203,0.132080078,-87.52671814,13.10687065,67.08396912
-0.939208984,-0.040039063,0.216064453,-73.25954437,41.89313126,71
-0.736816406,-0.067138672,0.285400391,-79.54962158,28.44274902,7.038167953
-0.970947266,0.054443359,0.189697266,-61.05343628,-23.41984749,10.679389
-1.053955078,0.116699219,0.112060547,-76.72518921,-15.40458012,41
-0.819091797,-0.0859375,0.181884766,-86.2977066,50.36641312,13.87786293
-0.800292969,-0.037353516,0.307373047,-16.48091698,42.67175674,-2.305343628
-0.876464844,0.129150391,0.352294922,-22.80916023,9.954198837,26.55725098
-0.930664063,0.038818359,0.267333984,-48.70228958,26.02290154,20.88549614
-0.952148438,-0.008789063,0.283691406,-38.10686874,21.92366409,13.05343533
-0.938476563,-0.010253906,0.259521484,-21.8625946,4.709923744,-5.022900581
-1.000488281,0.095458984,0.227294922,-22.35114479,-3.473282337,-17.4274807
-1.099609375,0.113769531,0.200439453,-42.83206177,-1.969465637,-13.60305309
-0.867431641,-0.010253906,0.206542969,-41.08396912,-10.47328281,-18.04580116
-0.901367188,0.105712891,0.165527344,-56.51145172,-26.80152702,-52.59542084
-0.970947266,0.102294922,0.058349609,-53.99236679,-39.03053284,-30.18320656
-0.931152344,0.020751953,0.045166016,-27.91603088,-25.69465637,5.145038128
-0.852539063,-0.072265625,0.146728516,-3.175572634,4.908396721,3.152671814
-0.852050781,-0.142333984,0.197265625,-6.725190639,6.061068535,-6.709923744
-0.845214844,-0.113525391,0.247802734,-16.65648842,-2.129770994,-4.770992279
-0.838623047,-0.112060547,0.25390625,-14.34351158,-12.78625965,-2.076335907
-0.991699219,-0.017578125,0.320800781,-37.01526642,-6.44274807,0.145038176
-1.129638672,0.004150391,0.306152344,-46.77862549,-14.87022877,16.9312973
-0.849853516,-0.122070313,0.286865234,-32.70228958,-12.24427509,10.45038128
-0.947753906,0.001708984,0.38671875,-4.480916023,4.88549614,-10.08396912
-0.977539063,-0.018066406,0.310546875,7.39694643,-41.51145172,-2.900763321
-0.871337891,0.101806641,0.283935547,-4.71755743,-40.282444,-3.709923744
-0.822753906,0.032958984,0.379394531,-33.62595367,6.374045849,0.244274807
-0.903076172,-0.100830078,0.317626953,-62.6488533,-13.29770947,-11.97709942
-0.841796875,-0.084472656,0.216796875,-32.06106949,-40.67938995,-25.00763321
-0.752929688,-0.038574219,0.203125,-25.16793823,-9.419847488,-49.67175674
-0.695800781,0.005126953,0.224853516,-7.687022686,2.473282337,-51.80152512
-0.676757813,0.008544922,0.254882813,1.694656467,22.73282433,-12.15267181
-0.827636719,-0.116943359,0.363037109,14.29007626,60.58778763,32.91603088
-1.195556641,-0.113037109,0.410400391,22.73282433,35.61832047,28.38931274
-1.134033203,-0.194824219,0.277099609,9.961832047,-4.312977314,43.89313126
-0.892578125,-0.2109375,0.30078125,14.64122105,20.80916023,-6.091603279
-0.889648438,-0.024169922,0.260009766,-30.30534363,6.778625965,-29.11450386
-0.912841797,-0.073242188,0.129882813,-33.33587646,-11.76335907,13.03816795
-0.944580078,-0.094726563,0.125976563,-52.38931274,-2.290076256,29.61832047
-0.918945313,-0.170654297,0.060791016,-70.61068726,0.969465637,14.54961872
-0.913818359,-0.178222656,0.092285156,-24.27480888,9.015267372,6.832061291
-0.927978516,-0.063720703,0.176513672,2.190839767,-3.587786198,9.656488419
-0.826171875,-0.052734375,0.204101563,-14.18320656,6.297709942,4.877862453
-0.783447266,-0.041015625,0.237548828,-28.69465637,14.87786293,11.76335907
-0.813476563,-0.068847656,0.246337891,-21.80916023,2.190839767,35.9312973
-1.081542969,0.008300781,0.138427734,-37.23664093,-9.641221046,43.79389191
-1.154541016,-0.037841797,0.082763672,-31.16030502,-1.358778596,54.31297684
-0.973144531,-0.097412109,0.223876953,-12.15267181,17.32061005,29.99236679
-0.870605469,-0.112304688,0.250488281,-5.893129826,-14.8244276,-15
-1.012939453,0.0625,0.124755859,-19.73282433,-57.91603088,-35.09160233
-0.916259766,0.058837891,0.069824219,-54.8625946,-35.83969498,-29.97709846
-0.890869141,0.012451172,0.106201172,-39.96946716,-2.503816843,-25.95419884
-0.831542969,-0.009765625,0.164794922,17.70228958,-6.152671814,-11.40458012
-0.803955078,0.075683594,0.234130859,38.76335907,0.458015251,-2.106870174
-0.792724609,0.058349609,0.255126953,18.87022972,11.05343533,9.534351349
-0.786621094,0.031494141,0.274169922,19.77099228,21.89312935,15.56488514
-0.951660156,0.083007813,0.279296875,23.33587837,19.93893051,30.09923744
-1.039306641,0.029541016,0.255615234,1.778625965,15.36641216,31.87022972
-1.055175781,-0.019287109,0.239501953,4.572519302,14.54198456,7.656488419
-1.014648438,-0.048095703,0.210449219,35.6488533,-9.725191116,6.068702221
-0.924316406,0.01171875,0.201171875,42.79389191,-23.06106949,-7.977099419
-1.019042969,0.021484375,0.149658203,44.4274826,-30.83206177,-4.847328186
-1.016113281,0.015380859,0.092285156,15.41984749,-38.12977219,-14.20610714
-0.851074219,-0.030517578,0.060546875,-2.488549709,-29.10687065,-38.05343628
-0.750488281,-0.033203125,0.020507813,6.725190639,-18.48091698,-46.24427414
-0.699707031,-0.006347656,0.008544922,47.58015442,-10.91603088,-24.62595367
-0.744628906,0.077148438,0.182861328,66.80152893,35.23664093,11.11450386
-1.003662109,0.09765625,0.256835938,22.84732819,36.7862587,35.11450195
-1.215820313,0.082519531,0.232910156,-9.290076256,18.4961834,29.88549614
-1.28125,0.05078125,0.290527344,-21.09923744,18.34351158,-4.427480698
-0.944824219,0.018066406,0.423583984,-3.88549614,-10.25954151,-27.09923744
-0.733642578,0.04296875,0.381835938,7.977099419,-32.60305405,-44.98473358
-0.870117188,0.128417969,0.203369141,4.702290058,-54.83969498,-24.59541893
-1.020751953,0.134033203,0.143798828,-17.51144981,-39.95419693,2.778625965
-0.937011719,0.038818359,0.128173828,-48.73282623,-22.25190926,-16.45038223
-0.772949219,0.125488281,0.228027344,-52.83206177,-7.366412163,-37.45801544
-0.68359375,0.062988281,0.112792969,-90.01526642,-17.641222,-12.8549614
-0.665039063,0.035888672,0.128662109,-63.68702316,9.015267372,20.641222
-0.734375,-0.041503906,0.176025391,-53.70228958,34.82442856,40.05343628
-0.879394531,-0.009765625,0.295898438,-15.76335907,33.73282623,39.282444
-1.038330078,-0.015869141,0.321777344,-16.4961834,40.70228958,82.04579926
-1.227539063,-0.073486328,0.286376953,-11.96183205,44.70992279,83.45037842
-1.320556641,-0.083251953,0.243896484,19.80152702,29.83969498,52.54198456
-0.903320313,-0.174316406,0.275634766,48.16030502,21.87022972,20.83969498
-0.840087891,-0.113769531,0.255859375,50.19847488,-12.1755724,-21.16793823
-1.025390625,0.007568359,0.142333984,80.30534363,-56.8625946,-15.30534363
-1.086181641,0.05078125,0.117431641,54.46564865,-50.29007721,-8.641221046
-1.049804688,-0.005615234,0.138427734,25.20610619,-38.90839767,-26.61832047
-0.931884766,-0.034912109,0.114990234,-14.87786293,-43.68702316,-68.83206177
-0.900390625,0.040527344,0.137207031,-5.152671814,-49.38167953,-90.35877991
-0.849365234,0.129882813,0.158935547,-1.38167942,-49.92366409,-83.41221619
-0.872558594,0.225830078,0.187988281,-26.641222,-38.1374054,-52.11450195
-0.946289063,0.217529297,0.104736328,-60.39694595,-29.74809074,-4.862595558
-1.001220703,0.154296875,0.103027344,-49.68702316,7.740458012,62.89313126
-0.692138672,-0.06640625,0.321533203,-2.038167953,72.24427795,78.78626251
-0.878417969,0.089355469,0.366943359,-23.7862587,22.92366409,21.25190926
-1.065673828,0.105224609,0.101074219,-59.77099228,-54.9312973,50.87786102
-0.854980469,0.005126953,0.069091797,-73.83206177,13.12977123,47.88549805
-0.798583984,-0.073486328,0.139160156,-76.97709656,60.35877991,23.41984749
-0.821533203,-0.098632813,0.151855469,-13.36641216,30.39694595,38.37404633
-0.83984375,-0.028808594,0.187011719,-7.11450386,36.79389191,44.70992279
-0.909179688,-0.052001953,0.246337891,-8.55725193,54.45801544,30.84732819
-1.159667969,0.016845703,0.300292969,4.748091698,41.96183395,27.06106949
-1.202148438,-0.002441406,0.284667969,-9.770992279,16.29771042,9.839694977
-1.291503906,-0.002685547,0.244628906,-14.58015251,15.04580116,-24.61832047
-0.91796875,-0.099121094,0.296386719,48.29007721,-21.641222,-34.74809265
-0.927246094,0.041503906,0.255859375,10.87022877,-54.31297684,-65.99236298
-1.116699219,0.041503906,0.070800781,47.87022781,-93.98473358,-45.29007721
-1.015136719,0.092041016,0.038330078,45.27481079,-80.58015442,-31.06106949
-0.874511719,0.046142578,0.083740234,7.496183395,-39.24427414,-49.43511581
-0.796875,-0.002197266,0.098632813,15.56488514,-43.03053284,-49.09160233
-0.754150391,0.094238281,0.111328125,-3.030534267,-37.97710037,-44.81679535
-0.815185547,0.150146484,0.118896484,-29.91603088,-26.51908302,-24.48855019
-0.921386719,0.106201172,0.164306641,-21.25954247,-2.190839767,18.2137413
-1.163085938,0.150146484,0.132324219,-34.45801544,10.78625965,52.24427414
-0.818359375,-0.076416016,0.299804688,-0.312977099,66.90076447,66.88549805
-0.750732422,-0.025146484,0.406005859,-15.56488514,57.4274826,23.80916023
-0.987060547,0.004394531,0.218017578,-19.89312935,-19.58015251,43.48091507
-0.993652344,0.05078125,0.165771484,-26.77099228,-4.274809361,60.16793823
-0.839599609,-0.076416016,0.227294922,-45.38167953,56.20610809,22.25190926
-0.853271484,-0.066894531,0.257324219,-11.7480917,25.55725098,14.20610714
-0.795654297,-0.000976563,0.247558594,-4.526717663,10.05343533,11.1755724
-0.840576172,-0.020751953,0.269042969,-4.274809361,28.59541893,5.847328186
-1.056884766,0.056152344,0.277832031,14.679389,16.69465637,14.93893147
-1.297607422,0.074707031,0.191162109,31.63358688,7.412213802,18.09160233
-1.161621094,-0.055419922,0.242919922,58.43511581,9.435114861,14.26717567
-0.783691406,-0.147949219,0.197998047,75.47328186,-34.44274902,-55.75572586
-0.935302734,0.111328125,0.126220703,91.70992279,-73.65648651,-73.54198456
-0.974121094,0.11328125,0.060302734,111.5267181,-57.58778763,4.030534267
-0.955810547,0.075439453,0.144042969,68.11450195,-24.48855019,4.099236488
-0.871337891,-0.034423828,0.129150391,7.1603055,-27.7862587,-17.9312973
-0.835693359,-0.028808594,0.107421875,18.77862549,-32.0687027,-40.41984558
-0.891845703,0.093261719,0.147216797,22.1374054,-28.56488609,-43
-0.943847656,0.1328125,0.135742188,-1.832061005,-32.00763321,-20.00763321
-1.051269531,0.190185547,0.154785156,-37.46564865,-5.022900581,-0.938931274
-0.9765625,0.050048828,0.211914063,-23.03816795,19.17557335,28.46564865
-0.666992188,-0.016357422,0.371582031,-5.633587837,22.73282433,-2.740458012
-0.804443359,0.020751953,0.302490234,31.36641312,-23.95419884,6.564885616
-0.936523438,-0.01953125,0.222900391,49.16793823,-29.73282433,46.6488533
-0.784179688,-0.079589844,0.360107422,62.30534363,49.11450195,7.129770756
-0.868408203,-0.060546875,0.387207031,64.58015442,25.71755791,12.70229053
-0.853027344,-0.011474609,0.335205078,50.90076447,-12.9312973,2.709923744
-0.806152344,-0.026611328,0.270019531,23.74809074,5.305343628,-26.43511391
-0.903320313,0.037841797,0.201904297,23.8549614,-5.183206081,-30.64885521
-0.931884766,0.040039063,0.133056641,38.67938995,-6.381679535,-21.89312935
-1.27734375,0.195800781,0.086669922,28.62595367,17.358778,-9.854961395
-0.831298828,-0.155517578,0.185791016,108.6412201,54.41984558,34.58778763
-0.876464844,-0.010009766,0.241699219,123.2137375,7.580152512,-15.38931274
-1.151611328,0.038085938,0.090820313,148.0610657,-44.83206177,16
-1.040039063,0.026611328,0.140869141,161.7328186,-33.38167953,18.25954247
-0.89453125,-0.001708984,0.184326172,78.19084167,-30.1450386,-15.24427509
-0.866210938,-0.021728516,0.114746094,73.92366791,-43.67938995,-28.38167953
-0.848876953,0.103271484,0.173828125,38.48854828,-33.16030502,-30.73282433
-0.912841797,0.087646484,0.191894531,-29.70992279,-31.19847298,-23.09923744
-1.087646484,0.126464844,0.140136719,-58.48091507,-33.48854828,-23.38931274
-1.305664063,0.226806641,0.025634766,-110.8549652,-25.54961777,-23.70228958
-0.735351563,-0.06640625,0.171630859,-80.83969116,33.77099228,-20.8549614
-0.623779297,-0.045410156,0.293945313,-35.39694595,26.10687065,-39.44274902
-0.862304688,0.112060547,0.173828125,-8.038167953,-51.64122009,-9.88549614
-0.899169922,0.123535156,0.083740234,-36.79389191,-29.9312973,37.58778763
-0.882324219,-0.025634766,0.152587891,-22.48855019,60.282444,33.77862549
-0.896484375,-0.006835938,0.274169922,43.60305405,44.32061005,25.641222
-0.812988281,0.053710938,0.269042969,15.87022877,20.38931274,35.06106949
-0.818847656,0.033691406,0.252929688,-18.73282433,32.50381851,38.41984558
-0.867431641,-0.036376953,0.250244141,-10.29007626,36.54961777,47.64122009
-1.026611328,-0.056640625,0.253417969,12.73282433,29.29771042,49.34350967
-1.245849609,-0.060058594,0.216796875,40.25954056,16.98473358,41.47328186
-1.268798828,-0.138671875,0.253173828,114.6335907,0.412213755,16.54198456
-0.796386719,-0.032714844,0.347412109,58.97710037,-31.25954247,-49.82442856
-1.123535156,0.015869141,0.090087891,31.84732819,-87.61068726,-86.38931274
-1.102050781,0.109863281,-0.033203125,85.46565247,-107.435112,-43.9312973
-0.890380859,0.055419922,0.049804688,32.58778763,-31.58778572,-43.34350967
-0.833984375,-0.057128906,0.054443359,54.70228958,-31.99236679,-45.8625946
-0.848144531,0.085205078,0.09375,60.08396912,-41.3511467,-40.99236679
-0.80078125,0.132324219,0.091796875,-4.877862453,-25.32824516,-31.45801544
-0.830078125,0.060302734,0.071533203,-18.67175484,-7.244274616,-13.10687065
-0.927734375,0.129150391,0.134277344,-20.90076256,10.97709942,5.618320465
-1.022705078,0.133544922,0.085693359,-46.54961777,22.22137451,19.04580116
-0.881347656,0.037353516,0.220458984,-11.4961834,63.83969498,43.7862587
-0.798339844,0.030029297,0.443359375,0.839694691,56.07633591,34.0687027
-0.960205078,0.028808594,0.28125,-25.54961777,-13.02290058,26.79389381
-1.0859375,0.089355469,0.175292969,-24.41984749,-5.083969593,31.61832047
-0.969238281,-0.005371094,0.206542969,-33.3511467,33.87786102,16.12213707
-0.814208984,-0.021728516,0.257324219,-18.55725098,27.36641312,-3.389312983
-0.777587891,0.033447266,0.226318359,-14.90076351,-0.671755743,3.748091698
-0.79296875,0.038818359,0.17578125,-25.5038166,10.84732819,12.41984749
-0.865966797,0.012695313,0.203125,-20.25954247,21.90839767,17.63358688
-0.995361328,0.014892578,0.205078125,4,19.63358688,26.02290154
-1.058349609,-0.006103516,0.222167969,12.83206081,17.75572586,29.1450386
-1.249755859,-0.016113281,0.202636719,49.94656372,3.343511343,25.70228958
-0.856445313,-0.038818359,0.364013672,53.53435135,0.595419836,1.923664093
-0.958984375,-0.050048828,0.232177734,23.08396912,-54.99236679,-44.17557144
-1.291992188,0.119384766,0.079833984,69.66412354,-93.6335907,-37.09923553
-1.060791016,0.089355469,0.065673828,21.55725098,-66.06106567,-54.56488419
-0.907470703,0.055419922,0.053710938,-6,-54.35877991,-78.78626251
-0.763916016,0.059814453,-0.015380859,-7.496183395,-55.30534363,-78.91603088
-0.630615234,0.086669922,0.039306641,27.39694595,-21.96183205,-52.19847488
-0.674560547,0.140625,0.139404297,16.33587837,4.824427605,-9.183206558
-0.901611328,0.162109375,0.208984375,-2.11450386,21.16030502,42.4274826
-1.074951172,0.112060547,0.168701172,-48.46564865,26.41221428,66.83206177
-1.098632813,0.031738281,0.217041016,-40.10686874,56.16030502,75.73282623
-0.764648438,-0.100585938,0.375244141,-15.60305309,73.25190735,47.77099228
-0.860107422,-0.022216797,0.348388672,-17.2137413,11.52671719,9.221374512
-1.172119141,0.102294922,0.171142578,-24.51908302,-42.6488533,31.70228958
-1.020019531,-0.041259766,0.181396484,-43.03053284,27.05343437,21.83969498
-0.883789063,-0.065185547,0.325927734,4.358778477,47.12977219,-42.59542084
-0.810302734,0.091796875,0.308105469,1.893129826,-27.10687065,-35.5725174
-0.682861328,0.072509766,0.224609375,-27.40458107,-23.94656563,-20.28244209
-0.801025391,0.033691406,0.219482422,-4.328244209,9.572519302,-7.946564674
-1.056640625,0.124267578,0.246826172,11.77862549,13.70229053,17.48091698
-1.18359375,0.164794922,0.260498047,-19.89312935,8.251908302,17.97709846
-0.968017578,-0.034179688,0.211914063,-44.43511581,-6.778625965,9.450381279
-0.803955078,-0.053222656,0.217285156,-14.48854923,-16.70992279,-23.66412163
-0.894287109,0.009033203,0.165527344,2.854961872,-26.03816795,-26.41984749
-0.978271484,0.059570313,0.0390625,22.11450386,-42.4274826,-6.88549614
-0.982666016,0.077392578,0.083740234,54.51908493,4.366412163,23.74045753
-0.914550781,-0.015869141,0.207275391,59.67175674,28.7862587,34.65649033
-0.810302734,-0.029052734,0.25390625,39.05343628,5.595419884,-1.389312983
-0.809570313,-0.004150391,0.185791016,36.96946716,-12.64885521,-13.26717567
-0.804931641,0.071289063,0.166503906,18.41221428,-9.282443047,-6.763358593
-0.895507813,0.019042969,0.156982422,12.86259556,13.29770947,13.4274807
-1.021240234,-0.001953125,0.195800781,14.98473263,17.38931274,21.75572586
-1.239990234,0.036376953,0.200927734,2.854961872,13.80916023,-5.55725193
-1.162597656,0.002197266,0.237548828,-3.038167953,-4.679389477,-26.20610619
-0.726074219,-0.023193359,0.374267578,-10.47328281,2.572519064,-73.564888
-0.826660156,0.072509766,0.301757813,-5,-41.16793823,-78.80152893
-1.079833984,0.215820313,0.123535156,-13.80152702,-96.04579926,-31.5725193
-1.02734375,0.126953125,0.125244141,-51.61068726,-19.81679344,-7.351145267
-0.825683594,-0.028808594,0.192138672,-39.68702316,20.04580116,-49.12213898
-0.6953125,0.101074219,0.250488281,5.671755791,-10.31297684,-42.39694595
-0.663085938,0.15625,0.177734375,-57.52671814,-20.84732819,-4.519083977
-0.686767578,0.016601563,0.128417969,-58.1450386,12.24427509,37.45038223
-0.838134766,-0.005126953,0.229248047,-38,42.45801544,53.68702316
-1.025146484,0.010742188,0.400390625,-134.8625946,26.641222,51.22137451
-1.192138672,-0.239990234,0.122314453,-122.6946564,2.389312983,82.48091888
-1.145507813,-0.310058594,0.142333984,-49.35877991,20.60305405,86.73282623
-0.809570313,-0.385498047,0.087158203,56.91603088,1.664122105,60.99236679
-1.045654297,-0.130859375,0.030273438,129.9007568,-21.35114479,14.33587742
-1.045410156,-0.008056641,0.058349609,148.5190887,-22.22900772,30.8625946
-0.881103516,-0.033691406,0.162109375,63.26717377,5.343511581,20.93893051
-0.88671875,-0.166503906,0.087646484,68.29007721,-13.96946526,-5.88549614
-0.896484375,-0.059082031,0.101806641,93.53434753,-28.29771042,-23.61068726
-0.986572266,0.036132813,0.118652344,70.74045563,-29.54198456,-22.56488609
-1.122802734,0.032226563,0.155273438,62.77099228,-32.18320465,-21.52671814
-1.287353516,0.104492188,0.208984375,13.58015251,-35.1374054,-30.03816795
-1.067138672,0.021728516,0.266601563,-47.43511581,-17.38931274,-87.37404633
-1.024169922,0.08203125,0.318603516,-31.01526642,-35,-134.984726
-0.979003906,0.265380859,0.170898438,-36.80152512,-112.7404556,-132.1984711
-0.666259766,0.127441406,0.130126953,-59.06106949,-68.55725098,-41.41221237
-0.681396484,-0.043457031,0.169189453,-6.076335907,-5.381679535,-4.229007721
-0.686279297,0.022949219,0.247314453,-6.320610523,-1.54961834,11.36641216
-0.691894531,0.05078125,0.241455078,-21.81679344,5.870229244,32.19083786
-0.720947266,0.053222656,0.203613281,-30.12213707,17.67938995,58.19847488
-0.706054688,0.044433594,0.247802734,-38.61832047,41.25954056,80.07633209
-0.991699219,0.091308594,0.209228516,-52.74809265,46.4274826,114.1984711
-1.415039063,0.055175781,0.15234375,-29.66412163,51.94656372,147.7633514
-1.338867188,-0.11328125,0.218505859,-24.8549614,64.25190735,134.4122162
-0.986328125,-0.235839844,0.300048828,-20.74809074,59.01526642,52.31297684
-1.011474609,-0.164306641,0.238525391,-27.10687065,1.099236603,0.664122152
-1.137451172,-0.090332031,0.092529297,33.717556,-57.61832047,-6.732824326
-1.035644531,-0.013427734,0.159667969,49.82442856,-23.74045753,-5.251908302
-0.982177734,-0.070556641,0.164306641,13.22137451,-31.54198456,-31.31297684
-1.014648438,-0.020996094,0.091796875,6.702290058,-59.59542084,-83.34351349
-1.041015625,0.169189453,0.098144531,-18.95419884,-59.41984558,-113.0687027
-0.820800781,0.171386719,0.139648438,-46.65649033,-39.96183395,-93.67938995
-0.774169922,0.171630859,0.203125,-26.46564865,-20.75572586,-48.65649033
-1.003662109,0.186279297,0.142822266,-28.51908302,-37.16030502,-5.053435326
-0.895996094,0.07421875,0.178222656,-32.6488533,-5.480916023,34.77862549
-0.792236328,0.007324219,0.320068359,-15.15267181,34.05343628,8.534351349
-0.893310547,0.167724609,0.291259766,-31.77862549,-13.12977123,-6.916030407
-0.919433594,0.230712891,0.186767578,-86.74809265,-45.89313126,17.82442665
-0.859375,0.070556641,0.201660156,-99.71755981,17.03053474,49.54961777
-0.831054688,0.006835938,0.299560547,-59.77862549,23.18320656,49.1374054
-0.83984375,-0.004638672,0.319091797,-27.77862549,23.27480888,68.07633209
-0.811767578,-0.06640625,0.303466797,-24.358778,40.80152512,64.5725174
-0.866699219,-0.038818359,0.336181641,-23.48855019,48.05343628,52.54961777
-1.094482422,-0.008300781,0.260498047,-31.92366409,30.05343437,48.20610809
-1.144042969,-0.050537109,0.211669922,-37.51908493,26.19847298,35.62595367
-1.045654297,-0.115966797,0.243164063,-36.70992279,13.11450386,-3.44274807
-0.932128906,-0.045654297,0.269287109,-15.320611,-6.236641407,-43.03816605
-0.959716797,-0.001708984,0.21484375,-3.854961872,-19.62595367,-63.70228958
-1.155029297,0.136230469,0.158203125,13.02290058,-56.32061005,-60.48091507
-1.035888672,0.127197266,0.128173828,-1.908396912,-51.05343628,-38.54198456
-0.849365234,0.029052734,0.109863281,-3.152671814,-33.15267181,-42.36641312
-0.772460938,0.073730469,0.12109375,1.435114479,-32.29771042,-39.35877991
-0.739501953,0.101074219,0.1015625,-4.526717663,-26.46564865,-10.1450386
-0.780029297,0.065917969,0.085693359,-10.15267181,-5.549618244,30.29007721
-0.823730469,0.026611328,0.125,-26.0687027,15.61068726,46.18320465
-0.979248047,0.037353516,0.164306641,-32.91603088,16.63358688,53.87022781
-1.020996094,0.000732422,0.195068359,-56.7862587,-1.603053474,59.07633591
-1.062744141,-0.020263672,0.297607422,-54.38931274,21.1374054,38.87022781
-1.024658203,-0.070800781,0.351074219,0.1832061,46.59542084,33.98473358
-0.862548828,-0.053222656,0.396728516,36.12213898,72.2977066,-5.95419836
-0.930419922,-0.031982422,0.278076172,-1.282442684,-16.358778,-19.34351158
-1.041992188,0.029296875,0.150390625,8.801527023,-48.47328186,-24.63358688
-1.000244141,0.000244141,0.144042969,14.4961834,-17.94656563,-37.76335907
-0.941650391,0.042236328,0.224365234,43.12213898,-13.90839672,-49.56488419
-0.840332031,0.089599609,0.23046875,42.70992279,-23.99236679,-42.12977219
-0.831298828,0.113037109,0.209716797,29.41984749,-17.5725193,-27.54961777
-0.826171875,0.091796875,0.203613281,35.6488533,-6.809160233,-11.26717567
-0.805664063,0.090576172,0.225341797,44.54961777,6.580152512,3.213740349
-0.795410156,0.072021484,0.239013672,42.5725174,12.95419884,17.28244209
-0.840087891,0.073242188,0.212158203,32.19083786,17.01526642,28.68702316
-0.846679688,0.028320313,0.191650391,15.1755724,27.90076256,32.9312973
-0.896240234,0.022460938,0.256591797,29.53435135,42.8549614,31.77862549
-1.060791016,0.047851563,0.291259766,40.47328186,31.30534363,40.66412354
-1.02734375,-0.041015625,0.288085938,36.84732819,20.80152702,38.40457916
-0.928466797,-0.146484375,0.185546875,35.34350967,-17.33587837,-17.01526642
-1.035400391,-0.065917969,0.069335938,61.22900772,-53.54198456,-46.41984558
-1.035644531,0.065429688,0.189208984,121.2213745,-26.65648842,-44.67938995
-1.166748047,0.157958984,0.255126953,41.09160233,-44.72518921,-51.43511581
-1.183349609,0.155273438,0.185791016,23.19847298,-72.25190735,-43.93893051
-0.910888672,0.109375,0.115478516,-66.32061005,-64.35877991,-90.73282623
-0.784667969,0.106689453,0.020263672,-95.32061005,-48.29007721,-100.5267181
-0.585449219,0.02734375,-0.020996094,-16.61832047,-32.59542084,-35.12213898
-0.583984375,0.065185547,0.047851563,58.31297684,22.29771042,44.15267181
-0.823486328,0.069580078,0.13671875,78.10687256,51.3511467,95.80152893
-1.076171875,0.08203125,0.208251953,85.33587646,71.09923553,121.7099228
-1.085205078,-0.002441406,0.169921875,23.92366409,51.53435135,101.1297684
-1.04296875,-0.050537109,0.155029297,15.58778667,45.44274902,40.15267181
-0.924804688,-0.065917969,0.219238281,50.18320465,34.22900772,20.25954247
-0.795898438,0.015869141,0.341308594,18.27480888,45.23664093,11.679389
-0.899902344,-0.037353516,0.372558594,18.32824516,42.65649033,7.664122105
-1.592773438,0.080322266,0.283203125,33.95419693,-17.87022972,35.08396912
-1.120117188,-0.143798828,0.368896484,61.6488533,-18.18320656,7.022900581
-1.338623047,0.131347656,0.205322266,-31.19083977,-110.4274826,-181.885498
-1.3359375,0.205810547,-0.142822266,-18.358778,-192.5496216,-136.0763397
-0.897949219,0.231933594,-0.003662109,-34.38167953,-96.9312973,-120.2366409
-0.657958984,0.024902344,0.027099609,-37.74045944,-19.00763321,-99.69465637
-0.640136719,0.064697266,0.063964844,55.36641312,-5.213740349,-54.24427414
-0.671386719,0.159179688,0.146240234,50.46564865,12.04580116,3.618320704
-0.690673828,0.114013672,0.216552734,1.587786293,43.70228958,32
-0.792236328,0.083251953,0.247802734,0.244274807,60.16793823,55.94656372
-0.878173828,0.133544922,0.303955078,-10.27480888,55.36641312,85.88549805
-1.003417969,0.1328125,0.260498047,-68.46565247,33.09923553,106.9160309
-1.398925781,0.153564453,0.244628906,-20.48855019,70.65648651,131.3053436
-1.263916016,-0.156005859,0.299316406,58.04580307,54.12213898,160.2137451
-0.823242188,-0.291503906,0.388916016,73.33587646,19.96183205,52.38167953
-1.178466797,-0.051757813,0.228759766,69.64885712,-48.60305405,-27.80916023
-1.202636719,0.042480469,0.055175781,107.9618301,-118.2213745,-30.5725193
-0.973144531,0.08984375,0.207763672,66.72518921,-14.33587742,-33.17557144
-0.896484375,-0.044921875,0.184570313,21.69465637,-23.84732819,-51.17557144
-0.881347656,0.008789063,0.095458984,32.98473358,-65.03816986,-73.4274826
-0.918212891,0.114990234,0.064453125,14.76335907,-58.36641312,-73.7022934
-0.839355469,0.112548828,0.099609375,-2.687022924,-16.11450386,-58.8549614
-0.809082031,0.096679688,0.170410156,-58.95419693,-4.984732628,-56.7862587
-0.854492188,0.147460938,0.188964844,-92.48854828,-7.007633686,-42.65649033
-1.004638672,0.132080078,0.175537109,-38.95419693,-2.488549709,-7.519083977
-1.108154297,0.148193359,0.217285156,-21.77099228,18.33587837,55.70228958
-0.701904297,0.011474609,0.385009766,-12.65648842,57.717556,55.17557144
-0.818115234,0.033935547,0.284423828,-60.22137451,-6.068702221,4.763358593
-1.108642578,0.066650391,0.008789063,-37.16793823,-84.1374054,40.56488419
-0.956298828,0.070068359,0.043701172,-30.94656563,-16.61832047,67.97709656
-0.821289063,-0.074707031,0.093994141,-67.46565247,55.46564865,36.0687027
-0.817871094,-0.141113281,0.145263672,-11.73282433,26.90076256,13.29770947
-0.790039063,0.072509766,0.238525391,-10.55725193,17.77862549,17.32824516
-0.875488281,0.003417969,0.217773438,-50.58778763,31.03053474,25.94656563
-1.047851563,-0.067382813,0.290039063,-11.54198456,29.46564865,35.66412354
-1.19921875,-0.033203125,0.350341797,43.33587646,34.24427414,25.7862587
-1.260009766,-0.048339844,0.33984375,63.10686874,-12.41221333,12.44274807
-0.825683594,-0.065917969,0.312988281,46.27481079,-27.05343437,-48.31297684
-1.112548828,0.0703125,0.119873047,21.90839767,-79.05343628,-75.77862549
-1.084716797,0.089599609,0.034179688,95.5725174,-83.32061005,-33.03816605
-0.922363281,0.072265625,0.124755859,60.37404633,-39.74045944,-23.36641312
-0.8671875,0.020263672,0.112792969,2.946564865,-50.22137451,-46.2137413
-0.808837891,0.028808594,0.081054688,-11.58015251,-45.37404633,-61.03816605
-0.777099609,0.068603516,0.109863281,-7,-31.77099228,-57.62595367
-0.843261719,0.135986328,0.098876953,-17.1374054,-27.30534363,-29.67938995
-0.991699219,0.230712891,0.091064453,-49.40457916,-2.824427414,6.984732628
-0.883789063,0.044189453,0.074462891,-65.67175293,37.0687027,57.59542084
-0.625976563,-0.105957031,0.29296875,-8.374045372,97.98473358,57.80916214
-0.983642578,0.109375,0.324462891,10.84732819,38.51908493,36.27481079
-1.154541016,0.119140625,0.163330078,-31.52671814,-35.41221237,74.08396912
-0.951416016,-0.05078125,0.194335938,-31.8625946,27.8549614,59.38931274
-0.897216797,-0.066894531,0.304931641,-5.870229244,49.22900772,10.37404537
-0.854492188,-0.018554688,0.318603516,12.62595463,5.625954151,16.41221428
-0.861572266,0.006591797,0.321533203,-1.854961872,6.580152512,16.01526642
-0.903808594,-0.05078125,0.302978516,-18.01526642,4.030534267,3.198473215
-1.061767578,0.024414063,0.342529297,-11.00763321,6.083969593,-12.12977123
-1.09765625,0.008300781,0.243896484,-57.58778763,-8.190839767,-38.93893051
-1.274902344,0.101806641,0.163330078,-59.19847488,-16.90839767,-59.49618149
-0.880615234,-0.031005859,0.150878906,-15.679389,-11.72519112,-43.31297684
-0.722167969,-0.056396484,0.221679688,11.4961834,3.183206081,-62.48854828
-0.932617188,0.018554688,0.091308594,66.96183014,-39.04580307,-36.09160233
-0.922851563,0.137939453,0.034912109,79.12976837,-55.12213898,-5.267175674
-0.854980469,0.017578125,0.059814453,44.7862587,-0.160305333,16.38167953
-0.786376953,-0.047851563,0.089111328,61.35877991,12.83969498,9.053435326
-0.794189453,0.043701172,0.165039063,57.06106949,16.07633591,19.27480888
-0.852294922,0.073242188,0.249755859,54.3511467,25.11450386,37.83206177
-1.015869141,0.077880859,0.284667969,7.007633686,20.27480888,51.41984558
-1.116699219,0.055175781,0.256347656,-56.10686874,-0.572519064,37.73282623
-1.222900391,0.024902344,0.203613281,-89.35114288,-15.98473263,-9.709923744
-0.887939453,-0.041503906,0.236083984,-73.24427795,-10.09160328,-35.77099228
-0.689941406,-0.044921875,0.288574219,-58.52671814,0.137404573,-64.54198456
-0.958251953,0.108398438,0.249755859,-17.72519112,-30.83969498,-41.80916214
-0.965332031,0.142822266,0.209960938,-59.45801544,-23.31297684,0.038167939
-0.735595703,-0.034179688,0.263916016,-76.05343628,39.25954056,-15.90076351
-0.735107422,-0.058837891,0.279541016,17.32061005,17.26717567,-2.244274855
-0.745849609,0.098144531,0.296875,65.83206177,-1.053435087,37.90076447
-0.800537109,0.110595703,0.338134766,23.07633591,26.66412163,65.78626251
-1.010986328,-0.000976563,0.285888672,7.71755743,20.53435135,82.04579926
-1.088867188,-0.040283203,0.320068359,25.22900772,19.72519112,78.38167572
-1.325683594,-0.031738281,0.246582031,-1.496183157,3.53435111,32.15267181
-1.086914063,-0.122558594,0.238525391,-9.312976837,-7.366412163,-6.687022686
-0.827392578,-0.12109375,0.240478516,-10.66412258,-9.725191116,-89.38931274
-0.990722656,0.025634766,0.107666016,11.90076351,-58.17557144,-104.7175598
-0.894042969,0.107421875,0.043945313,94.38167572,-68.5038147,-51.41984558
-0.772949219,0.114257813,0.147949219,78.24427795,-4.625954151,-3.648854971
-0.863525391,-0.009033203,0.172119141,47.19083786,-0.961832047,7.244274616
-0.817626953,0.002197266,0.173828125,61.31297684,-15.87022877,-9.610687256
-0.860107422,0.076904297,0.258300781,75.3664093,-3.007633686,-1.343511462
-1.212158203,0.217529297,0.337646484,50.8625946,8.290076256,4.458015442
-1.280761719,0.378662109,0.098388672,-114.1526718,-56.04580307,-17.32061005
-0.631591797,-0.006835938,0.067871094,-108.9770966,0.09160305,-17.58015251
-0.568359375,-0.008056641,0.270996094,35.64122009,49.22900772,-10.68702316
-0.899414063,0.172851563,0.202880859,15.33587742,-36.18320465,10.22900772
-0.991210938,0.101806641,0.134033203,-4.854961872,-23.65648842,40.0687027
-0.899902344,-0.01171875,0.281738281,11.09923649,64.41984558,9.809160233
-0.910644531,0.037597656,0.396240234,29.25954247,45.45038223,-17.93893051
-0.805175781,0.116943359,0.416259766,23.12977028,3.977099228,-4.641221523
-0.78515625,0.098144531,0.411621094,-3.282442808,13.19847298,10.8549614
-0.80078125,0.032226563,0.393798828,-13.09160328,10.4274807,18.91603088
-1.000732422,0.076171875,0.296630859,-38.40457916,-5.427480698,14.90076351
-1.114990234,0.062744141,0.174316406,-52.61832047,-11.54961872,6.633587837
-1.124511719,0.018066406,0.156005859,-38.67938995,-6.335877895,13.29007626
-0.730224609,-0.102539063,0.239501953,18.51144981,24.82442665,10.58015251
-0.700439453,-0.065917969,0.217529297,29.87786293,0.641221333,-14.8549614
-0.962646484,-0.062011719,0.056152344,117.1068726,-48.33587646,20.03816795
-1.049072266,0.139160156,0.198242188,179.5648804,3.129770994,42
-1.065185547,0.020263672,0.203369141,50.00763321,-8.152671814,29.48091698
-0.898681641,-0.096679688,0.208251953,41.70992279,-12.4274807,-20.46564865
-0.920166016,-0.003662109,0.202392578,41.70992279,-48.39694595,-58.8625946
-0.957763672,0.092041016,0.130371094,33.58778763,-62.55725098,-64.87786102
-1.072021484,0.190917969,0.167236328,1.45038166,-24.9312973,-58.09923553
-1.321289063,0.225585938,0.029052734,-49.92366409,-37.90076447,-28.8549614
-0.695556641,-0.050537109,0.241699219,-11.29007626,32.03816605,-52.09923553
-0.724365234,0.020751953,0.372314453,40.74809265,41.59542084,-84.98473358
-1.074951172,0.328613281,0.119873047,1.04580152,-121.4961853,-47.62595367
-0.6953125,0.151611328,0.133544922,-54.5725174,-55.12213898,17.76335907
-0.667480469,0.004394531,0.229736328,-23.91603088,72.41221619,15.38167953
-0.783203125,0.095214844,0.323242188,34.16793823,47.81679535,23.72519112
-0.723632813,0.112060547,0.309082031,-2.641221285,13.03816795,67.80915833
-0.794921875,-0.061035156,0.305664063,-16.8549614,56.0687027,97.67938995
-1.206054688,-0.145263672,0.364746094,42.74809265,52.58015442,88.39694977
-1.424316406,-0.006103516,0.326660156,24.4961834,22.36641312,42.09923553
-1.127197266,-0.221923828,0.252685547,33.53435135,17.06106949,26.8625946
-0.763183594,-0.236572266,0.197753906,75.2977066,-14.44274807,-45.82442856
-0.955322266,0.011474609,0.104736328,125.8931274,-51.717556,-61.27481079
-0.958740234,0.104248047,0.12109375,169.3435059,-36.82442856,5.267175674
-0.947753906,0.142578125,0.169189453,84.71755981,-23.74045753,5.198473454
-0.925537109,-0.019042969,0.075195313,36.20610809,-26.88549614,-1.770992374
-0.792236328,-0.082763672,0.059326172,76.53434753,-30.05343437,-18.72519112
-0.88671875,0.070556641,0.109375,83.64885712,-32.11450195,-27.7862587
-1.120605469,0.165039063,0.119628906,68.0687027,-36,-4.28244257
-1.213867188,0.229980469,0.156494141,-13.45801544,-11.92366409,-20.32824516
-0.978027344,0.179443359,0.097900391,-83.45801544,18.31297684,-24.68702316
-0.618408203,0.159667969,0.219726563,-66.05343628,13.22900772,-44.67175674
-0.905029297,0.238525391,0.1953125,-46.27481079,-59.41984558,-36.55725098
-0.943603516,0.255371094,0.118896484,-22.44274902,-76.51145172,16.51144981
-0.705810547,0.065429688,0.144042969,-95.54198456,-16.11450386,6.618320465
-0.698730469,-0.094970703,0.203369141,-25.60305405,11.27480888,7.931297779
-0.735351563,0.045166016,0.34375,44.52671814,43.25954056,24.22137451
-0.783691406,0.060302734,0.364990234,-6.511450291,57.65649033,29.80152702
-1.097900391,0.090332031,0.355712891,-31.77099228,57.60305405,39.09160233
-1.351074219,0.060058594,0.255615234,-22.34351158,39.87786102,53.4274826
-1.169677734,-0.145996094,0.262695313,26.10687065,32.717556,49.77862549
-0.741699219,-0.181884766,0.318603516,64.10687256,11.83969498,-20.27480888
-0.937988281,0.043701172,0.173095703,81.62595367,-65.61832428,-53.37404633
-0.942382813,0.155029297,0.113769531,99.73282623,-61.4274826,-17.84732819
-0.884033203,0.097412109,0.190673828,52.11450195,15.38167953,12.78625965
-0.922851563,-0.048339844,0.145751953,75.87786102,-4.083969593,26.89312935
-0.840820313,-0.013183594,0.153320313,73.96946716,-24.44274902,0.610687017
-0.82421875,0.021972656,0.151123047,34.68702316,-31.03053474,-39.25954056
-0.973144531,0.152587891,0.154296875,34.717556,-35.38931274,-38.16793823
-1.039306641,0.226318359,0.163818359,-16.37404633,-16.32061005,-13.20610714
-1.120605469,0.230224609,0.205566406,-74.71755981,16.91603088,-17.87022972
-0.963134766,-0.009033203,0.157226563,-64.41221619,4.404580116,-0.007633588
-0.73046875,0.032226563,0.24609375,-62.97710037,-16.15267181,-38.35877991
-0.894775391,0.153320313,0.18359375,-49.95419693,-55.80152512,-47.61832047
-0.854248047,0.144287109,0.138916016,-25.02290154,-38.84732819,8.809160233
-0.786621094,0.068603516,0.185302734,-64.82442474,12.08396912,11.43511486
-0.749511719,-0.030517578,0.20703125,-42.90839767,7.328244209,14.86259556
-0.723632813,0.047607422,0.262695313,-17,26.1374054,25.74045753
-0.794189453,0.034912109,0.230957031,-32.45801544,31.84732819,38.47328186
-1.023681641,0.099853516,0.263427734,-41.8549614,40.51145172,55.45038223
-1.228271484,0.067138672,0.272949219,-52.8625946,43.91603088,68.30534363
-1.346923828,-0.004394531,0.237548828,-40.29771042,24.43511391,40.32824326
-0.82421875,-0.095214844,0.359375,-20.32824516,29.62595367,19.00763321
-0.924804688,-0.037841797,0.270996094,-32.0687027,-14.7480917,-37.94656372
-1.076904297,0.008544922,0.077636719,2.977099228,-74.90839386,-13.46564865
-0.985839844,0.016845703,0.215332031,61.22137451,2.145038128,-5.229007721
-0.903808594,0.011230469,0.306640625,45.70228958,1.954198456,-30.45038223
-0.87109375,0.107177734,0.210449219,-17.1450386,-69.93893433,-55.25954056
-0.727783203,0.031738281,0.111328125,-37.70992279,-73.75572205,-65.89312744
-0.928222656,0.149902344,0.073974609,-31.74809074,-43.45801544,-44.60305405
-0.945556641,0.175292969,0.067138672,-53.18320465,-16.1450386,-1.519083977
-0.879638672,0.049804688,0.182373047,-14.48854923,47.77862549,40.87786102
-0.956787109,0.045654297,0.359863281,14.09160328,68.0687027,83.92366791
-0.924316406,-0.028076172,0.374755859,5.534351349,14.76335907,34.63358688
-1.073486328,0.057128906,0.247802734,-55.09923553,-31.46564865,8.404580116
-1.033935547,0.016845703,0.080322266,-78.12213898,-44.64122009,-12.16030502
-0.720947266,-0.079101563,0.255126953,-44.05343628,63.82442856,-27.77862549
-0.773681641,-0.067626953,0.375976563,28.95419884,60.93893051,-33.54961777
-0.859130859,0.114746094,0.287597656,-6.610687256,-43.40457916,-13.13740444
-0.756347656,0.005126953,0.298828125,-10.1450386,23.69465637,32.41221237
-0.908203125,-0.116943359,0.344482422,-6.740458012,45.32061005,41.32061005
-0.965332031,-0.147705078,0.344726563,7.793893337,2.839694786,35.29771042
-1.158691406,-0.028564453,0.211669922,-41.2137413,-23.17557335,-11.55725193
-1.268066406,-0.007080078,0.056640625,-86.14503479,-19.96946526,-35.72518921
-1.06640625,-0.000244141,0.059814453,-84.45801544,-5.152671814,-74.51145172
-0.883544922,-0.127197266,0.231201172,93.93893433,37.1374054,5.702290058
-0.752929688,-0.038085938,0.356201172,145.4809113,5.488549709,14.320611
-0.821044922,0.053466797,0.219482422,53.27481079,-76.48091888,-18.81679344
-0.978515625,0.09765625,0.187988281,21.94656563,-57.61068726,6.412213802
-0.898925781,0.089355469,0.012207031,-72.68701935,-59.99236679,4.55725193
-0.636230469,-0.110595703,0.141845703,1.06870234,47.34350967,30.24427414
-0.973144531,-0.020507813,0.271240234,37.48854828,36.96946716,55.05343628
-1.078125,-0.049804688,0.198730469,-12.22137451,-37.54198456,35.1374054
-1.059570313,-0.039794922,0.194335938,-23.96183205,-12.02290058,10.4961834
-0.878173828,-0.127441406,0.180419922,-47.91603088,-7.480916023,-39.46564865
-1.013183594,0.038085938,0.230224609,-27.36641312,22.76335907,-74.58015442
-0.96484375,0.081787109,0.208007813,-0.580152702,13.0687027,-38.8549614
-0.765380859,0.125244141,0.377929688,-11.09923649,63.23664093,-20.69465637
-0.771728516,-0.031982422,0.292236328,-27.01526642,27.07633591,-10.75572491
-0.803955078,0.005371094,0.331298828,80.4274826,20.70992279,11.8244276
-0.701904297,0.120361328,0.402832031,22.83206177,19.84732819,27.99236679
-0.802490234,-0.070556641,0.297607422,15.09160328,25.09923744,38.95419693
-1.153076172,-0.144775391,0.218505859,7.770992279,15.74045849,62.32061005
-1.387939453,-0.168701172,0.272460938,85.58778381,41.67938995,70.61832428
-1.209960938,-0.217529297,0.466064453,67.28244019,40.70992279,42.20610809
-0.822021484,-0.252685547,0.292724609,-31.94656563,-30.54198456,-46.717556
-0.843994141,-0.120361328,0.101074219,3.44274807,-76.09923553,-90.51145172
-1.180664063,0.053955078,0.053710938,136.0381622,-68.96946716,-8.229007721
-1.080322266,0.065917969,0.091796875,108.9618301,-56.70992279,26.17557335
-0.819824219,0.031005859,0.113525391,-42.88549805,-30.91603088,-42.51145172
-0.788818359,-0.119384766,0.120849609,-20.99236679,-31.1374054,-86.80915833
-0.756347656,0.094238281,0.185546875,104.6641235,-46.65649033,-63.67938995
-0.82421875,0.204833984,0.194824219,30.44274902,-59.4274826,-33.8549614
-0.930664063,0.233886719,0.157958984,-70.54198456,4.938931465,-3.076335907
-1.127685547,0.143554688,0.041992188,-143.7099304,7.106870174,57.3511467
-0.7421875,-0.288085938,0.098144531,-90.33587646,24,90.73282623
-0.730224609,-0.189208984,0.325195313,49.80916214,96.64122009,17.04580116
-1.1484375,0.103515625,0.335205078,78,40.79389191,18.40458107
-1.027587891,0.112060547,0.156494141,-41.15267181,-47.39694595,36.05343628
-0.824707031,-0.053710938,0.148681641,-61.96946716,59.96946716,8.854961395
-0.763671875,-0.088867188,0.237304688,-1.282442684,52.67175674,1.312977076
-0.7421875,0.004638672,0.228027344,1.335877895,5.458015442,30.8625946
-0.808837891,-0.01171875,0.165527344,-7.335877895,11.40458012,35.92366409
-1.124023438,0.007324219,0.194824219,33.09923553,31.90839767,51.52671814
-1.442138672,0.03515625,0.247558594,78.07633209,26.38931274,75.71755981
-1.163818359,-0.083496094,0.339111328,68.81679535,9.526717186,42.87022781
-0.869873047,-0.0703125,0.330566406,-3.389312983,-19.55725098,-55.61832047
-1.090576172,0.01171875,0.126953125,-17.4961834,-85.09160614,-88.90839386
-1.053222656,0.064941406,-0.003662109,51.70228958,-119.3358765,-61.41221237
-0.868896484,0.135253906,0.097900391,35.41984558,-61.94656372,-37.72518921
-0.778076172,0.030761719,0.125,14.78625965,-42.74809265,-19.51908302
-0.719726563,0.015625,0.129394531,36.77862549,-40.58015442,-28.91603088
-0.770751953,0.076171875,0.165039063,47.16793823,-18.32824516,-25.34351158
-0.979003906,0.198974609,0.1484375,3.854961872,-7.450381756,3.931297779
-1.103027344,0.278564453,0.151123047,-92.87023163,11.51145077,22.18320656
-1.01171875,-0.014892578,0.067871094,-138.3511505,23.01526642,43.67175674
-0.666748047,-0.168945313,0.257080078,13.53435135,87.23664093,15.79389286
-0.896484375,0.137939453,0.390136719,26.40458107,68.27481079,-21.67175484
-1.077392578,0.149658203,0.183349609,-57.87022781,-52.52671814,26.35114479
-0.886474609,0.01171875,0.231445313,-28.36641312,44.67938995,46.1450386
-0.838623047,-0.075439453,0.328613281,0.35877862,72.26717377,2.068702221
-0.785888672,0.073486328,0.342285156,1.404580116,1.259541988,-1.931297684
-0.749023438,0.046386719,0.217529297,-39.32824326,-19.36641312,17.62595367
-0.940429688,0.021484375,0.165527344,-18.95419884,5.71755743,32.20610809
-1.165771484,0.000244141,0.221923828,39.1450386,19.35114479,53.10686874
-1.200439453,0.081054688,0.311523438,5.267175674,14.68702316,40.43511581
-1.056640625,-0.186523438,0.255371094,-0.09160305,-9.145038605,-3.167938948
-0.948974609,-0.030517578,0.226074219,40.16030502,-52.45801544,-56.36641312
-1.040771484,0.101318359,0.119628906,12.51145077,-90.10687256,-53.17557144
-0.967041016,0.021728516,0.114501953,48.44274902,-73.6335907,-13.83969498
-0.825439453,0.079345703,0.250732422,36.33587646,-13.39694691,-29.81679344
-0.865234375,0.046386719,0.174560547,-39.06106949,-44.16030502,-72.23664093
-0.801269531,0.106933594,0.154296875,-26.20610619,-54.9312973,-78.83206177
-0.75,0.171386719,0.188232422,-41.58778763,-18.62595367,-37.1374054
-0.915039063,0.159912109,0.133544922,-42.69465637,-6.832061291,20.92366409
-1.082275391,0.171630859,0.154296875,-26.19847298,33.32824326,47.27481079
-0.878662109,-0.055664063,0.250732422,16.17557335,74.58015442,96.1374054
-0.888916016,-0.013671875,0.316650391,30.01526642,59.01526642,40.36641312
-1.05859375,0.062255859,0.265380859,24.74809074,0.374045801,29.48091698
-1.021240234,0.098632813,0.168701172,-30.16793823,-12.7480917,23.641222
-0.799072266,-0.028564453,0.173339844,-62.12213898,42.60305405,-1.923664093
-0.792724609,-0.028808594,0.258789063,-5.236641407,35.04580307,-1.04580152
-0.789550781,0.062011719,0.294677734,-1.778625965,14.54198456,21.74809074
-0.851074219,0.023193359,0.250488281,-19.24427414,22.82442665,23.28244209
-1.052001953,-0.006103516,0.243408203,14.47328281,17.06106949,40.09923553
-1.283203125,0.034423828,0.203613281,29.11450386,6.312977314,32.66412354
-1.102539063,-0.100341797,0.31640625,61.51145172,14.70992374,17.58015251
-0.917236328,-0.08984375,0.278808594,29.48091698,-32.66412354,-68.53434753
-1.082275391,0.093017578,0.151611328,52.30534363,-109.0305328,-81.18320465
-1.049560547,0.1953125,0.062744141,43.2137413,-119.2595444,-34.51908493
-0.872070313,0.111816406,0.145751953,7.8396945,-38.93893051,-8.366412163
-0.821044922,0.005371094,0.128417969,30.18320656,-14.26717567,-50.36641312
-0.772949219,0.084716797,0.154296875,-12.37404537,-53.20610809,-59.73282623
-0.771728516,0.147705078,0.113769531,-16.61068726,-34.8625946,-53.72518921
-0.856201172,0.174316406,0.110107422,-39.46564865,-9.88549614,1.229007602
-0.995605469,0.084472656,0.143554688,-42.02289963,18.98473358,36.59542084
-0.914550781,-0.051025391,0.206054688,-11.91603088,54.41984558,74.40457916
-0.774658203,-0.054931641,0.340087891,12.18320656,73.48091888,38.282444
-0.928466797,0.033935547,0.337402344,-6.916030407,25.69465637,6.412213802
-1.147949219,0.149169922,0.212402344,-29.64885521,-22.1374054,29.34351158
-0.857177734,-0.04296875,0.172607422,-65.41984558,17.48855019,27.54198456
-0.728027344,-0.061767578,0.308105469,0.862595463,67.09160614,3.435114622
-0.768310547,0.056396484,0.364257813,22.67938995,30.03816795,15.87022877
-0.830566406,0.058837891,0.277832031,-22.38931274,4.167938709,33.04580307
-1.049560547,0.052001953,0.249023438,-30.22900772,18.35114479,36.51908493
-1.198242188,0.026611328,0.260498047,-12.81679344,19.32824516,42.77862549
-1.409423828,0.012939453,0.230224609,-11.75572491,-3.847328186,18.19083977
-0.821777344,-0.140625,0.278808594,-6.702290058,-8.061068535,-20.66412163
-0.972167969,-0.00390625,0.195800781,-1.572519064,-60.08396912,-77.17557526
-1.086669922,0.124023438,0.116210938,21.58015251,-111.3435135,-43.96946716
-0.874511719,0.106201172,0.170898438,8.412213326,-54.22900772,-42.22137451
-0.811035156,0.008300781,0.244384766,20.12977028,-27.72519112,-46.63358688
-0.72265625,0.033203125,0.264648438,17.55725098,-37.1374054,-48.8625946
-0.733154297,0.094238281,0.256103516,45.98473358,26.81679344,-51.48854828
-0.915283203,0.216064453,0.198974609,-18.61068726,-34.74809265,-19.96946526
-1.005371094,0.162841797,0.12890625,-40.33587646,-2.847328186,23.03053474
-0.961914063,0.051269531,0.183349609,-22.15267181,40.44274902,52.80916214
-0.758056641,-0.055419922,0.301757813,11.1755724,63.83206177,41.89313126
-0.989013672,0.067626953,0.319824219,2.732824326,17.5725193,16.06106949
-0.98828125,0.066650391,0.193359375,-24.9312973,-17.55725098,31.17557335
-0.806884766,-0.013916016,0.226318359,-31.87786293,28.84732819,10.60305309
-0.796142578,-0.004882813,0.310058594,2.229007721,39.79389191,13.24427509
-0.796875,0.021484375,0.358642578,7.022900581,22.45038223,25.09923744
-0.837158203,0.009765625,0.321044922,-6.793893337,20.37404633,22.70228958
-1.063476563,0.058105469,0.319091797,-8.862595558,13.83206081,27.08396912
-1.137939453,0.014892578,0.258789063,-18.46564865,1.129770994,21.45801544
-1.298828125,0.035888672,0.188232422,-18.75572586,-5.770992279,2.083969355
-0.866699219,-0.131103516,0.26171875,7.564885616,-9.106870651,-15.55725193
-1.008789063,0.010742188,0.217041016,-11.32824421,-62.77099228,-61.45038223
-1.125488281,0.075683594,0.098876953,18.18320656,-95.1374054,-44.26717377
-0.873535156,-0.029785156,0.141113281,42.96946716,-48.67175674,-41.66412354
-0.778320313,0.010986328,0.265380859,23.04580116,-43.74045944,-64.75572205
-0.785888672,0.057373047,0.238769531,78.61068726,17.44274902,-50.12977219
-0.727050781,0.109619141,0.157470703,15.03053474,-23.96183205,-40.91603088
-0.774169922,0.123046875,0.145019531,-26.61068726,-21.7862587,-27.4274807
-0.950195313,0.136474609,0.170654297,-19.1374054,11.80152702,19.16793823
-1.288574219,0.187988281,0.137695313,-33.03053284,22.87786293,48.12213898
-0.806396484,-0.064208984,0.320800781,13.58778667,72.58778381,63.46564865
-0.800537109,-0.012695313,0.405029297,-6.206106663,48.1374054,-3.572519064
-1.043945313,0.045898438,0.170166016,2.664122105,-48.48091507,16.45038223
-1.004638672,0.145751953,0.156738281,-16.83969498,-19.9312973,35.80152512
-0.823242188,-0.087158203,0.209716797,-27.07633591,61.04580307,16.87786293
-0.779785156,-0.040771484,0.317138672,34.67938995,42.58015442,1.351145029
-0.788085938,0.067382813,0.315185547,2.496183157,-1.992366409,19.16793823
-0.898925781,0.021484375,0.220947266,-19,4.366412163,19.60305405
-1.056152344,0.018798828,0.234375,-6.366412163,15.62595463,36.35877991
-1.077636719,-0.046386719,0.247802734,-10.34351158,14.78625965,16.92366409
-1.340087891,0.025146484,0.260253906,10.54198456,-5.931297779,-8.648855209
-0.875244141,-0.059326172,0.301269531,19.98473358,-21.5038166,-26.53435135
-0.980712891,0.047607422,0.205810547,11.45038128,-56.07633591,-65.93893433
-0.852294922,-0.053710938,0.113769531,48.75572586,-68.98473358,-27.58015251
-0.974365234,0.147949219,0.163330078,-0.106870222,-65.29007721,-29.98473358
-0.790039063,-0.022460938,0.160888672,-24.27480888,-60.88549805,-37.12977219
-0.767089844,0.020751953,0.169433594,49.61068726,32.97710037,-34.39694595
-0.716552734,0.036865234,0.174072266,7.061068535,-12.37404537,-45.0687027
-0.851074219,0.136962891,0.223876953,7.213740349,0.923664093,-22.32061005
-0.969726563,0.151855469,0.230224609,-19.66412163,12.56488514,26.60305405
-1.161132813,0.162353516,0.217529297,-41.4274826,16.55725098,45.33587646
-0.776367188,-0.054931641,0.340087891,-3.687022924,56.45801544,60.09923553
-0.842041016,-0.027099609,0.342285156,-17.00763321,23.44274902,0.839694691
-1.041259766,0.083251953,0.192382813,-15.58778667,-43.61832047,13.80152702
-0.927246094,0.071777344,0.118408203,-70.14503479,-26.71755791,16.83969498
-0.755859375,-0.077636719,0.217041016,-20.87022972,61.18320465,2.862595367
-0.728271484,0,0.333496094,40.77862549,56.90076447,7.961832047
-0.756103516,0.006591797,0.260742188,-0.381679392,-2.908396912,27.58778572
-0.975341797,0.124755859,0.276367188,-0.007633588,27.58015251,25.39694595
-1.089599609,-0.005371094,0.295166016,-0.007633588,34.00763321,37.38931274
-1.331054688,0.0390625,0.223876953,14.29770947,-0.61832056,14.12977123
-0.994384766,-0.109619141,0.288574219,61.01526642,-19.00763321,24.77099228
-0.829833984,-0.037109375,0.247314453,16.4274807,-42.70228958,-53.82442856
-0.962890625,0.022216797,0.131835938,27.29771042,-71.61832428,-54.24427414
-1.052978516,0.134521484,0.122070313,26.58778572,-66.71755981,-26.89312935
-0.835693359,0.001220703,0.199707031,-18.32824516,-39.67938995,-26.8625946
-0.731689453,-0.071533203,0.196044922,3.290076256,-12.77099228,-50.44274902
-0.798095703,0.055664063,0.158935547,24.11450386,-13.22137451,-53.58778763
-0.874023438,0.150634766,0.109375,-11.34351158,-20.48855019,-48.8625946
-0.890869141,0.083984375,0.136230469,-30.73282433,17.75572586,0.328244257
-1.035644531,0.120117188,0.190185547,-25.11450386,27.99236679,15.01526737
-0.917236328,0.020263672,0.239990234,-20.51144981,29.9312973,37.40457916
-0.747314453,-0.031005859,0.292236328,-4.450381756,37.12977219,21.70228958
-1.058349609,0.063232422,0.222412109,0.72519083,-2.564885378,20.96946526
-1.067626953,0.083984375,0.117675781,-35.07633591,-17.80916023,34.30534363
-0.729980469,-0.08203125,0.189208984,-30.32061005,49.05343628,12.93893147
-0.724365234,-0.067626953,0.338623047,37.24427414,61.49618149,12.07633591
-0.848876953,0.085205078,0.373046875,22.12977028,8.87786293,38.38167953
-0.946777344,0.029296875,0.246826172,-30.38167953,0.969465637,36.80152512
-1.11328125,-0.040527344,0.192871094,-4.129770756,8.839694977,37.41221237
-1.321533203,0.029785156,0.210449219,32.03053284,-1.160305381,24.67175484
-1.092773438,-0.052978516,0.279296875,29.63358688,-18.12213707,11.4961834
-0.858154297,-0.080322266,0.233398438,-21.32061005,-38.74809265,-59.07633591
-1.134765625,0.058105469,0.089599609,-21.77099228,-88.94656372,-82.26717377
-1.103515625,0.116455078,0.129638672,38.02289963,-70.01526642,-28.80916023
-0.850097656,0.090820313,0.23828125,-50.34350967,-86.83206177,-52.12977219
-0.764648438,-0.073730469,0.177490234,29.79389381,26.82442665,-60.29007721
-0.739013672,0.067138672,0.158935547,12.0687027,-22.38931274,-61.77099228
-0.835449219,0.130371094,0.146972656,16.08396912,-27.7862587,-45.45038223
-0.936035156,0.064453125,0.202148438,19.47328186,-3.541984797,16.80152702
-0.867919922,0.069580078,0.272949219,-21.35114479,38.63358688,17.97709846
-0.982910156,0.034179688,0.220947266,-64.73282623,14.69465637,49.45038223
-0.716064453,-0.126953125,0.227539063,-23.92366409,29.8625946,42.16793823
-1.001708984,0.031738281,0.244628906,-7.374045849,22.37404633,26.64885521
-1.116455078,0.089355469,0.169189453,-14.89312935,4.366412163,50.19847488
-0.918212891,-0.05859375,0.154052734,-44.70992279,43.32824326,24.04580116
-0.810791016,-0.082519531,0.276611328,7.725190639,53.12213898,20.66412163
-0.773193359,0.003662109,0.346435547,13.11450386,28.98473358,34.50381851
-0.821533203,-0.005126953,0.292480469,-25.48091698,16.29771042,29.9312973
-1.053955078,-0.032958984,0.197021484,-7.946564674,14.4961834,36.77099228
-1.158203125,-0.067138672,0.240722656,15.12213707,14.73282433,37.33587646
-1.302978516,-0.060791016,0.257080078,43.66412354,-11.60305309,-6.793893337
-0.90234375,-0.030029297,0.276855469,18.18320656,-36.90839767,-57.60305405
-1.245849609,0.092285156,0.093505859,4.366412163,-86.5725174,-90.83969116
-1.037353516,0.100341797,0.056152344,37.89313126,-94.39694977,-48.67175674
-0.809570313,0.087646484,0.177490234,-19.26717567,-36.90839767,-79.34351349
-0.849609375,0.045166016,0.162353516,7.625954151,-49.52671814,-61.44274902
-0.702880859,0.104736328,0.193359375,11.77099228,-50.02289963,-38.22900772
-0.749023438,0.088134766,0.194824219,-13.58778667,-21.80152702,-18.92366409
-0.924316406,0.110839844,0.181152344,-14.35877895,-15.9312973,24.1374054
-0.845214844,0.033203125,0.185302734,-25.00763321,19.35114479,32.70228958
-0.943359375,0.034667969,0.270507813,-7.152671814,42.26717377,54.69465637
-0.748779297,-0.050048828,0.368164063,17.36641312,55.56488419,58.03816605
-0.9921875,0.107421875,0.352050781,-29.32824516,29.84732819,19.88549614
-1.103515625,0.069091797,0.196777344,-44.30534363,-0.595419836,47.23664093
-0.882324219,-0.014892578,0.299072266,-23.58015251,65.64122009,32.17557144
-0.808105469,-0.040527344,0.427246094,5.129770756,80.75572205,26.03816795
-0.882568359,0.048828125,0.388916016,-21.0687027,-3.053435087,21.7862587
-0.83203125,-0.053466797,0.285400391,-70.15267181,-3.748091698,17.70228958
-1.030517578,-0.108154297,0.285400391,-5.435114384,19.16793823,-8.20610714
-1.108154297,-0.090332031,0.259277344,52.63358688,-26.11450386,6.152671814
-1.196044922,0.138916016,0.213623047,93.65648651,-36.51908493,-17.01526642
-0.915039063,0.008544922,0.209472656,3.893129826,-25.77862549,-6.969465733
-0.880859375,-0.007080078,0.196289063,26.96183205,-17.75572586,-48.52671814
-1.000244141,0.087402344,0.112792969,28.4274807,-44.02289963,-20.90839767
-0.971923828,0.014160156,0.094238281,62.64122009,-34.07633591,9
-0.850341797,0.033203125,0.220458984,38.04580307,-13.28244305,-18.08396912
-0.829101563,0.057128906,0.205078125,45.98473358,-49.46564865,-22.02290154
-0.795410156,-0.006591797,0.162109375,112.2290039,-75.51145172,-11.58778667
-0.626220703,0.095703125,0.223388672,248.9007568,-32.83969498,-20.22137451
-0.844238281,0.235351563,0.307861328,174.755722,-78.4274826,18.83206177
-0.762695313,0.284912109,0.412597656,160.9007568,-9.229007721,15.99236679
-1.049560547,0.456542969,0.391113281,92.16793823,-24.91603088,14.43511486
-0.66796875,0.317626953,0.414306641,89.06106567,5.267175674,10.83969498
-0.849121094,0.458496094,0.310058594,0.122137403,-26,-6.44274807
-0.978271484,0.391845703,0.232421875,20.39694595,-8.778625488,19.82442665
-0.759277344,0.291259766,0.244628906,0.969465637,13.92366409,-18.24427414
-0.581542969,0.426025391,0.343505859,38.84732819,12.09160328,-27.34351158
-0.640136719,0.483398438,0.340820313,32.75572586,7.519083977,-11.19083977
-0.653320313,0.495849609,0.378662109,-10.16793919,16.15267181,-9.374045372
-0.966308594,0.473144531,0.370849609,-3.648854971,-4.465648651,-9.496183395
-0.954589844,0.413574219,0.384765625,-9.435114861,-3.450381756,-4.969465733
-1.181396484,0.490478516,0.350097656,0.961832047,-3.931297779,-8.931297302
-0.596435547,0.371582031,0.381103516,-39.05343628,12.26717567,-8.076335907
-0.864990234,0.336425781,0.227050781,-5.564885616,-38.45038223,-2.786259651
-1.039306641,0.299072266,0.208740234,3.748091698,-7.061068535,23.90076256
-0.863525391,0.202148438,0.230957031,-14.09923649,22.46564865,-12.43511486
-0.655029297,0.252685547,0.277832031,37.88549805,-0.328244257,-10.12213707
-0.641601563,0.422363281,0.281982422,35.67938995,-9.79389286,-1.702290058
-0.713378906,0.430664063,0.276611328,25.89312935,17.358778,1.862595463
-0.9375,0.41015625,0.302001953,-2.992366314,24.02290154,19.95419884
-1.051757813,0.409667969,0.305419922,-8.824427605,18.90839767,17.39694595
-1.158935547,0.448974609,0.205078125,-37.52671814,-1.259541988,10.56488514
-0.659423828,0.309326172,0.257324219,-34.38931274,11.75572491,1.862595463
-0.821044922,0.337890625,0.203369141,-27.89312935,-22.5725193,7.480916023
-1.031494141,0.394042969,0.174804688,-18.35114479,-9.954198837,7.564885616
-0.806884766,0.266357422,0.165527344,-30.03053474,6.709923744,-21.70992279
-0.537353516,0.352294922,0.247070313,9.625954628,8.595419884,-33.49618149
-0.558837891,0.477294922,0.279052734,19.9312973,-0.832061005,-12.59541988
-0.837402344,0.421630859,0.294189453,9.44274807,19.19847298,0.908396912
-0.991943359,0.440429688,0.365966797,2.343511343,12.65648842,-2.595419884
-1.062744141,0.384765625,0.251220703,-31.06106949,-14.83206081,-8.488549232
-0.954589844,0.431152344,0.312255859,17.8625946,-4.381679535,-6.465648651
-0.557861328,0.295654297,0.26171875,-9.404580116,-37.08396912,-15.61832047
-0.973144531,0.317871094,0.180664063,34.12977219,-44.90839767,8.511450768
-1.045898438,0.262695313,0.246826172,46.79389191,9.732824326,8.610687256
-0.828857422,0.188720703,0.32421875,23.81679344,-2.854961872,-19.48091698
-0.661376953,0.270507813,0.298828125,39.53435135,-22.60305405,-13.19083977
-0.639404297,0.312011719,0.259521484,31.33587837,-0.541984749,-16.67175484
-0.736572266,0.336669922,0.280517578,18.87022972,9.839694977,5.648854733
-1.065673828,0.431884766,0.30078125,3.396946669,21.5725193,19.71755791
-1.224365234,0.406982422,0.253662109,-55.39694595,3.824427414,7.946564674
-1.098632813,0.449951172,0.249755859,-59.5725174,-4.618320465,6.366412163
-0.531738281,0.320068359,0.242675781,-59.09160233,-21.64885521,-5.694656372
-0.561279297,0.399658203,0.132324219,-66.76335907,-51.09160233,13.69465637
-1.030029297,0.278564453,0.042480469,-64.64122009,-19.27480888,50.08396912
-1.025390625,0.220703125,0.138671875,-9.137404442,34.32824326,0.152671757
-0.742431641,0.288574219,0.204101563,-2.122137308,14.77862549,-29.15267181
-0.595947266,0.421386719,0.202880859,-24.96946526,0.419847345,-7.95419836
-0.677001953,0.373291016,0.217773438,-31.87786293,47.74045944,-1.351145029
-0.789306641,0.279296875,0.293457031,-21.38931274,56.90076447,-4.328244209
-1.005371094,0.51953125,0.437255859,-0.595419836,44.70228958,-0.916030502
-1.105224609,0.471191406,0.405761719,-54.53435135,38.92366409,5.725190639
-1.086914063,0.298095703,0.421875,-10.77099228,25.44274902,-11.20610714
-0.541992188,0.30078125,0.513183594,-1.198473339,-1.587786293,-2.183206081
-0.801757813,0.306884766,0.324707031,24.03053474,-45.98473358,-4.236641407
-0.927734375,0.264892578,0.266845703,24.36641312,-21.96946526,22.80152702
-1.020263672,0.257324219,0.304931641,-3.503816843,-0.908396912,2.13740468
-0.821533203,0.087646484,0.256103516,7.244274616,-19.4961834,-7.977099419
-0.754638672,0.197998047,0.281982422,30.5725193,-32.74809265,-19.09923744
-0.830078125,0.278564453,0.256103516,25.8625946,-42.50381851,-7.725190639
-0.908935547,0.286621094,0.221679688,-23.71755791,-21.08396912,-8.267175674
-1.029541016,0.321533203,0.199707031,-9.503816605,-9.79389286,-12.68702316
-1.132324219,0.515136719,0.304199219,-59.41984558,20.90839767,-6.519083977
-0.792236328,0.664550781,0.297607422,-250.1374054,120.1832047,-21.74045753
-0.577880859,-0.041748047,0.040039063,-250.1374054,150.1908417,-53.48854828
-1.117919922,-0.233886719,0.032958984,-66.23664093,-12.04580116,-64.58778381
-1.031005859,0.225830078,0.042236328,8.580152512,-125.0687027,4.145038128
-0.765625,0.030517578,0.049804688,-35.11450195,-13.99236679,4.129770756
-0.717529297,-0.033203125,0.207763672,-17.2137413,58.93893051,-5.725190639
-0.769287109,0.035644531,0.2109375,38.49618149,22.98473358,-4.389312744
-0.734619141,0.110595703,0.220214844,13.58778667,4.267175674,23.67175484
-0.921875,0.015625,0.223632813,7.122137547,33.32824326,37.48091507
-1.231445313,0.118652344,0.267333984,18.06106949,37.90076447,53.45038223
-1.054931641,-0.016113281,0.221679688,-12.58778667,20.12213707,48.7862587
-1.115722656,-0.134033203,0.151611328,5.404580116,5.648854733,16.34351158
-0.84375,-0.237548828,0.0859375,98.59542084,-36.46564865,-2.809160233
-0.894042969,0.028564453,0.080566406,194.9160309,-57.06106949,-22.79389381
-0.899658203,0.10546875,0.137207031,93.06106567,-26.41221428,-6.083969593
-0.924316406,-0.006835938,0.106201172,79.51145172,-28.09160233,-7.122137547
-0.878173828,0.039550781,0.050537109,46.70228958,-34.44274902,-17.9312973
-0.872070313,-0.008789063,0.040527344,41.63358688,-15.58015251,-21.06106949
-0.929199219,0.059326172,0.161132813,29.90076256,-5.213740349,-28.31297684
-1.047363281,0.095214844,0.179931641,16.55725098,-15.5725193,-41.98473358
-1.147216797,0.279296875,0.106689453,-64.68701935,-35.1374054,-46.43511581
-1.075927734,0.192382813,0.072265625,-109.5114517,-2.221374035,-24.35114479
-0.606933594,-0.226806641,0.264648438,-1.946564865,51.53435135,0.221374059
-0.894042969,0.076171875,0.343261719,62.65649033,32.45801544,-45.40457916
-1.104248047,0.255859375,0.138916016,-19.12213707,-95.20610809,-17.02290154
-0.862792969,0.081298828,0.057128906,-74.74809265,-49.34350967,18.02290154
-0.689208984,-0.092041016,0.118164063,-29.05343437,42.88549805,-8.458015442
-0.694824219,0.045410156,0.201660156,31.88549614,31.81679344,-7.091603279
-0.694091797,0.073486328,0.171142578,8.76335907,-8.312976837,39.61068726
-1.017578125,0.164794922,0.331787109,51.59542084,67.61068726,87.45037842
-1.251464844,0.016357422,0.368408203,-69.83206177,86.04579926,106.9083939
-1.057373047,-0.204345703,0.18359375,-42.43511581,-30.4961834,41.99236679
-0.592529297,-0.079345703,0.216552734,-10.19083977,-21.38167953,-13.48091602
-0.666259766,-0.090087891,0.232177734,4.656488419,10.48091602,-24.36641312
-1.475097656,0.19921875,0.057373047,-35.31297684,-65.21373749,-7.618320465
-1.321044922,-0.045166016,0.019287109,-29.48091698,1.625954151,44.64122009
-1.179199219,-0.230224609,0.087158203,75.27481079,8.458015442,6.595419884
-0.837890625,-0.093261719,0.140136719,77.67938995,-29.88549614,-46.98473358
-0.797607422,0.025146484,0.134033203,66.45801544,-26.53435135,-98.60305023
-0.90234375,0.121826172,0.130615234,38.96946716,-51.12213898,-82.81679535
-0.865722656,0.140136719,0.121337891,17.32061005,-41.68702316,-51.94656372
-0.995117188,0.160400391,0.090087891,-12.5038166,-39.09160233,-36.70992279
-1.007568359,0.177978516,0.072753906,-32.717556,-28.31297684,-0.022900763
-1.218261719,0.154052734,0.012451172,-36.32824326,-7.335877895,19.51144981
-0.660644531,-0.116455078,0.204833984,23.76335907,51.24427414,40.87786102
-0.750488281,0.010009766,0.234619141,-3.717557192,26.48091698,-33.77099228
-1.046142578,0.186035156,0.1015625,13.32824421,-38.45038223,-4.007633686
-0.872802734,0.092041016,0.118652344,-24.32061005,5.28244257,61.52671814
-0.823242188,-0.071533203,0.2109375,-1.366412163,72.10687256,28.641222
-0.782226563,-0.003417969,0.326416016,26.37404633,52.16793823,23.82442665
-0.836425781,0.047119141,0.323730469,-13.72519112,3.763358831,32.31297684
-0.905029297,-0.009277344,0.223388672,-24.09923744,-3.145038128,34.90076447
-1.012939453,-0.055908203,0.192382813,22.32061005,1.11450386,41.8625946
-1.231933594,0.022949219,0.206054688,65.0687027,-7.595419884,36.56488419
-1.131835938,0.010009766,0.3203125,7.71755743,2.809160233,33.81679535
-0.838867188,-0.140136719,0.256835938,-31.91603088,-1.183206081,-36.96183395
-1.09375,-0.016601563,0.154785156,34.52671814,-55.64122009,-69.39694977
-1.15234375,0.176513672,0.092773438,97.83206177,-79.39694977,-3.664122105
-0.796630859,0.107177734,0.150878906,29.17557335,-43.717556,-63.48091507
-0.591064453,0.075927734,0.125976563,-57.22900772,-27.69465637,-91.02290344
-0.716064453,0.087402344,0.067138672,-18.74045753,-23.0687027,-55.05343628
-0.921875,0.160400391,0.165039063,39.80916214,-21.65648842,-5.832061291
-1.082763672,0.255859375,0.204345703,-36.09160233,-22.54961777,15.64122105
-1.195800781,0.166015625,0.104248047,-55.93893051,23.27480888,24.37404633
-0.775390625,-0.071289063,0.257568359,-9.87786293,56.25190735,70.7022934
-0.754150391,-0.028320313,0.334716797,7.664122105,48.77862549,13.65648842
-1.019042969,0.087158203,0.210205078,-8.633587837,-29.40458107,9.458015442
-0.963134766,0.070800781,0.111572266,-30.89312935,-40.38167953,32.54198456
-0.749755859,-0.063232422,0.258056641,-15.62595463,63.52671814,13.1755724
-0.767822266,-0.006347656,0.361083984,14.60305309,53.41221237,-8.717556953
-0.770751953,0.077880859,0.314208984,-13.23664093,-14.54961872,5.778625965
-0.913574219,0.086914063,0.236572266,-27.74809074,9.198472977,20.36641312
-1.162597656,0.043701172,0.243408203,-6.526717663,30.64885521,44.90839767
-1.227294922,0.010009766,0.275634766,2.259541988,14.30534363,39.72518921
-1.011474609,-0.106933594,0.298095703,-10.78625965,0.267175579,-1.358778596
-1.010253906,-0.035644531,0.219482422,-14.10687065,-39.45801544,-51.48091507
-1.015380859,0.032470703,0.068847656,16.75572586,-79.61832428,-41.75572586
-0.938720703,0.032226563,0.117919922,33.33587646,-52.20610809,-39.32061005
-0.723388672,-0.001708984,0.229736328,8.167939186,-22.18320656,-46.19847488
-0.717773438,0.028076172,0.206054688,37.74045944,-24.16030502,-49.03053284
-0.800537109,0.119140625,0.128662109,4.702290058,-43.8625946,-35.34350967
-0.939941406,0.183349609,0.112548828,-35.11450195,-26.97709846,-18.08396912
-1.013916016,0.104492188,0.065185547,-49.41221237,9.198472977,24.99236679
-0.937011719,0.051513672,0.227294922,11.30534363,56.77862549,48.22900772
-0.723144531,-0.008300781,0.356689453,21.40458107,77.96946716,42.2137413
-1.014648438,0.12890625,0.286865234,-38.76335907,-3.55725193,7.969465733
-1.028564453,0.035644531,0.121826172,-52.27481079,-40.6488533,35.48091507
-0.814697266,-0.028808594,0.229492188,-12.64122105,46.29007721,8.015267372
-0.849609375,0.010009766,0.306396484,5.541984558,44.67175674,-8.992366791
-0.798095703,0.082763672,0.291748047,12.63358784,2.083969355,-3.53435111
-0.709716797,0.061523438,0.263671875,-21.53435135,13.26717567,10.05343533
-0.975097656,0.116210938,0.240234375,-7.274809361,24.29771042,31.53435135
-1.233886719,0.066650391,0.187744141,13.64885521,16.1374054,71.03816986
-1.416259766,-0.020263672,0.192138672,28.16793823,5.870229244,67.32824707
-0.884277344,-0.184326172,0.249267578,22.7862587,8.488549232,13.5038166
-0.858642578,-0.045654297,0.203125,35.88549805,-46.11450195,-72.30534363
-1.116699219,0.107910156,0.060302734,64.65648651,-74.98473358,-58.30534363
-0.872558594,0.054199219,0.116699219,49.04580307,-40.59542084,-26.00763321
-0.824462891,0.02734375,0.138427734,37.53435135,-24.75572586,-48.08396912
-0.810302734,0.060546875,0.164306641,33.56488419,-38.61068726,-43.69465637
-0.837158203,0.127197266,0.228515625,10.92366409,-32.38167953,-53.90076447
-1.086669922,0.208251953,0.169921875,-37.32824326,-45.717556,-43.90839767
-1.203125,0.279541016,-0.037597656,-96.33587646,-66.91603088,-31.01526642
-0.683837891,-0.10546875,0.061767578,-50.45801544,22.32824516,44.04580307
-0.80078125,-0.013671875,0.278564453,24.41984749,77.45037842,-11.09160328
-0.958496094,0.141845703,0.229003906,-6.28244257,-4.04580164,-0.076335878
-0.862548828,0.097167969,0.095947266,-40.25954056,-27.22137451,42.34350967
-0.705322266,-0.047119141,0.181396484,-9.687023163,62.38931274,58.39694595
-0.806640625,-0.072265625,0.223876953,38.96946716,61.27481079,62.41221237
-0.836181641,-0.109863281,0.295654297,98.03816986,24.87022972,53.45801544
-1.183105469,0.21484375,0.360839844,34.48091507,27.33587837,38.1374054
-1.161621094,0.040283203,0.317138672,-18.1450386,33.96183395,20.83206177
-1.306152344,0.078369141,0.274169922,-50.90076447,8.175572395,4.129770756
-0.90625,-0.14453125,0.289794922,11.91603088,-7.786259651,16.1450386
-0.939453125,-0.034179688,0.232177734,9.564885139,-45.95419693,-46.25954056
-1.025634766,0.023925781,0.156005859,80.62595367,-51.87022781,-31.22900772
-1.060058594,0.121337891,0.133056641,-15.58778667,-62.90839767,-29.54198456
-0.949707031,-0.013427734,0.061035156,-9.587786674,-41.74809265,-60.65649033
-0.840332031,0.037841797,0.131347656,11.8244276,-42.74045944,-78.74809265
-0.761474609,0.103027344,0.147460938,-26.16030502,-43.34350967,-80.5038147
-0.796630859,0.149902344,0.150878906,-32.96183395,-38.18320465,-64.77862549
-0.900390625,0.191650391,0.135986328,-41.69465637,-19.8549614,-14.1450386
-1.024414063,0.143798828,0.081054688,-57.10686874,-4,44.49618149
-0.715576172,-0.064941406,0.214599609,2.900763321,68.27481079,76.09923553
-0.831054688,-0.008056641,0.329101563,30.27480888,78.41221619,52.92366409
-1.092773438,0.061035156,0.200195313,14.68702316,-18.89312935,61.83206177
-1.001708984,0.089599609,0.124511719,-57.24427414,-32.60305405,37.5725174
-0.803955078,-0.026611328,0.153808594,-80.51908112,60.59542084,15.90839672
-0.825195313,-0.072021484,0.2109375,-28.06106949,55.82442856,20.16793823
-0.875244141,0.032226563,0.252197266,-8.893129349,20.4961834,43.27481079
-0.92578125,0.032958984,0.247558594,-51.68702316,35.98473358,38.24427414
-1.085205078,-0.040527344,0.273925781,-5.022900581,31.52671814,39.97710037
-1.153564453,0.017333984,0.224609375,-37.00763321,-3.893129826,38.11450195
-1.117431641,-0.123291016,0.181152344,-9.79389286,-6.610687256,12.98473263
-0.952636719,-0.200683594,0.204833984,76.53434753,38.73282623,-16.36641312
-1.040039063,-0.023925781,0.176757813,52.38167953,-69.15267181,-44.51145172
-1.348144531,0.097412109,0.165039063,92.99236298,-31.83206177,-37.4274826
-1.026123047,0.016601563,0.158447266,88.45037842,-58.06106949,-55.83969498
-0.884521484,0.050048828,0.122314453,11.00763321,-70.27481079,-95.96946716
-0.855957031,0.0859375,0.071044922,-12.21374035,-76.52671814,-120.7404556
-0.859619141,0.156738281,0.052246094,-12.71755695,-72.22137451,-95.67175293
-0.877685547,0.206054688,0.039794922,-27.51908302,-40.90076447,-38.23664093
-1.014404297,0.168457031,0.052734375,-33.11450195,7.786259651,25.11450386
-0.85546875,0.014404297,0.203857422,6.801526546,57.45038223,68.5038147
-0.675048828,0.047119141,0.389160156,44.54961777,67.80915833,67
-0.921386719,0.086669922,0.244384766,-7.022900581,-10.76335907,27.11450386
-1.048339844,0.166503906,0.169677734,-17.70228958,-15.34351158,55.717556
-0.913818359,0.020263672,0.169677734,-48.8625946,40.25954056,53.75572586
-0.791503906,-0.042236328,0.273193359,-19.54198456,65.71755981,41.3511467
-0.767822266,-0.016601563,0.271484375,-2.41984725,40.41221237,42.74809265
-0.833740234,0.015380859,0.231445313,-22.35114479,25,45.19847488
-1.132324219,0.039794922,0.234130859,-13.91603088,32.33587646,47.64122009
-1.26171875,-0.020019531,0.260742188,1.625954151,27.06106949,47.17557144
-1.290039063,-0.02734375,0.318847656,32.16793823,7.95419836,6.8396945
-0.899169922,-0.088378906,0.353515625,32.8625946,10.68702316,-36.25190735
-0.998535156,-0.030761719,0.200927734,-1.503816843,-63.03816605,-73.87786102
-1.218994141,0.0859375,0.024414063,61.94656372,-103.3587799,-80.25190735
-1.035644531,0.100585938,0.060791016,64.16793823,-62.0687027,-50.7862587
-0.873535156,0.007080078,0.116699219,38.09160233,-34.09923553,-66.8625946
-0.8359375,0.057128906,0.157714844,27.12977028,-51.3511467,-77.81679535
-0.787597656,0.108642578,0.140136719,9.55725193,-52.19847488,-81.96183014
-0.767089844,0.168701172,0.133300781,-13.90839672,-28.41984749,-61.22137451
-0.90234375,0.244873047,0.123291016,-31.16793823,-8.587786674,-4.183206081
-1.05859375,0.196533203,0.044677734,-37.25190735,16.19847298,66.03053284
-0.730224609,-0.033203125,0.218994141,18.29007721,100.0152664,115.1679382
-0.925292969,0.069824219,0.368164063,9.160305023,97.22900391,67.45801544
-1.198730469,0.095703125,0.203125,-55.5725174,-35.34350967,42.12213898
-0.97265625,0.0234375,0.125732422,-78.9312973,-30.38167953,34.51145172
-0.783935547,-0.039794922,0.213623047,-64.74809265,68.38931274,15.0687027
-0.789306641,-0.05859375,0.254394531,-16.09160233,44.73282623,19.07633591
-0.779052734,-0.008056641,0.248046875,-15.20610714,0.274809146,47.00763321
-1.014404297,0.021240234,0.245849609,-9.694656372,25.41221428,39.37404633
-1.246582031,-0.019775391,0.273193359,6.519083977,28.09923744,41.10686874
-1.277587891,0.015625,0.335693359,27.10687065,21.51144981,3.503816843
-0.877197266,-0.123779297,0.319824219,35.31297684,7.931297779,-32.92366409
-0.977539063,0.054199219,0.242919922,14.51145077,-44.5725174,-67.98473358
-1.046142578,0.018798828,0.012451172,23.53435135,-108.114502,-56.87022781
-0.922607422,0.069580078,0.024414063,30.48855019,-53.32061005,-41.37404633
-0.887939453,0.019042969,0.086181641,22.95419884,-9.961832047,-52.47328186
-0.783447266,0.004394531,0.140136719,57.17557144,-24.67175484,-43.66412354
-0.746337891,0.084960938,0.191162109,33.51145172,-31.80916023,-46.16030502
-0.845214844,0.117431641,0.166503906,15.58778667,-12.4274807,-36.29007721
-0.971191406,0.199462891,0.125244141,-14.35114479,-7.618320465,-8.045801163
-1.125732422,0.191162109,0.091796875,-33.87022781,16.56488609,26.7862587
-0.911621094,0.008789063,0.175292969,-17.71755791,42.80916214,62
-0.742431641,-0.022705078,0.352783203,18.70228958,74.5038147,12.10687065
-1.005859375,0.163085938,0.248046875,-56.93893051,-20.5725193,-14.79389286
-0.909912109,0.070556641,0.110595703,-47.32061005,-46.9312973,30.96946526
-0.800537109,0.019775391,0.18359375,-37.61068726,54.29007721,48.41221237
-0.828369141,-0.054931641,0.286376953,9.381679535,62.74809265,48.97710037
-0.851318359,0.015625,0.326904297,1.11450386,17.61832047,50.30534363
-0.86328125,-0.014160156,0.260986328,-25.55725098,10.66412258,41.41221237
-1.123779297,0.019775391,0.225341797,-28.82442665,9.893129349,31.55725098
-1.256103516,0.014160156,0.241943359,-18.43511391,11.71755695,30.47328186
-1.195068359,-0.075195313,0.302001953,-7.641221523,6.679389477,-4.320610523
-0.827148438,-0.091552734,0.346435547,11.22900772,16.31297684,-48.84732819
-1.157958984,0.026123047,0.166992188,41.18320465,-83.90839386,-76.03053284
